horizon,forecast_timestamp,block_number,predicted_mcp,zone,confidence,spike_probability,lower_bound,upper_bound,date
1,2026-06-04 20:00:00+05:30,81,3131.16,YELLOW,0.5914,0.0997,2661.49,3600.84,2026-06-04
2,2026-06-04 20:15:00+05:30,82,3190.84,YELLOW,0.5944,0.0997,2712.22,3669.47,2026-06-04
3,2026-06-04 20:30:00+05:30,83,3250.52,YELLOW,0.5038,0.0997,2762.95,3738.1,2026-06-04
4,2026-06-04 20:45:00+05:30,84,3310.21,YELLOW,0.5083,0.0997,2813.68,3806.74,2026-06-04
5,2026-06-04 21:00:00+05:30,85,3655.65,YELLOW,0.5311,0.0997,3107.3,4204.0,2026-06-04
6,2026-06-04 21:15:00+05:30,86,4001.09,YELLOW,0.55,0.0997,3400.93,4601.26,2026-06-04
7,2026-06-04 21:30:00+05:30,87,4346.54,YELLOW,0.5164,0.0997,3694.55,4998.52,2026-06-04
8,2026-06-04 21:45:00+05:30,88,4691.98,YELLOW,0.5336,0.0997,3988.18,5395.77,2026-06-04
9,2026-06-04 22:00:00+05:30,89,4693.65,YELLOW,0.7116,0.0997,3989.6,5397.69,2026-06-04
10,2026-06-04 22:15:00+05:30,90,4695.31,YELLOW,0.7117,0.0997,3991.02,5399.61,2026-06-04
11,2026-06-04 22:30:00+05:30,91,4696.98,YELLOW,0.675,0.0997,3992.44,5401.53,2026-06-04
12,2026-06-04 22:45:00+05:30,92,4698.65,YELLOW,0.6752,0.0997,3993.85,5403.45,2026-06-04
13,2026-06-04 23:00:00+05:30,93,4556.64,YELLOW,0.665,0.0997,3873.14,5240.13,2026-06-04
14,2026-06-04 23:15:00+05:30,94,4414.62,YELLOW,0.6543,0.0997,3752.43,5076.81,2026-06-04
15,2026-06-04 23:30:00+05:30,95,4272.61,YELLOW,0.6428,0.0997,3631.72,4913.5,2026-06-04
16,2026-06-04 23:45:00+05:30,96,4130.59,YELLOW,0.6305,0.0997,3511.0,4750.18,2026-06-04
17,2026-06-05 00:00:00+05:30,1,3988.58,YELLOW,0.6173,0.0997,3390.29,4586.87,2026-06-05
18,2026-06-05 00:15:00+05:30,2,3846.56,YELLOW,0.6032,0.0997,3269.58,4423.55,2026-06-05
19,2026-06-05 00:30:00+05:30,3,3704.55,YELLOW,0.5235,0.0997,3148.87,4260.23,2026-06-05
20,2026-06-05 00:45:00+05:30,4,3562.53,YELLOW,0.5045,0.0997,3028.15,4096.92,2026-06-05
21,2026-06-05 01:00:00+05:30,5,3420.52,YELLOW,0.4839,0.0997,2907.44,3933.6,2026-06-05
22,2026-06-05 01:15:00+05:30,6,3278.51,YELLOW,0.4615,0.0997,2786.73,3770.28,2026-06-05
23,2026-06-05 01:30:00+05:30,7,3136.49,YELLOW,0.4372,0.0997,2666.02,3606.97,2026-06-05
24,2026-06-05 01:45:00+05:30,8,2994.48,GREEN,0.4105,0.0997,2545.31,3443.65,2026-06-05
25,2026-06-05 02:00:00+05:30,9,2932.17,GREEN,0.3979,0.0997,2492.35,3372.0,2026-06-05
26,2026-06-05 02:15:00+05:30,10,2869.87,GREEN,0.3849,0.0997,2439.39,3300.35,2026-06-05
27,2026-06-05 02:30:00+05:30,11,2807.56,GREEN,0.3712,0.0997,2386.43,3228.7,2026-06-05
28,2026-06-05 02:45:00+05:30,12,2745.26,GREEN,0.357,0.0997,2333.47,3157.04,2026-06-05
29,2026-06-05 03:00:00+05:30,13,2682.95,GREEN,0.342,0.0997,2280.51,3085.39,2026-06-05
30,2026-06-05 03:15:00+05:30,14,2620.64,GREEN,0.3264,0.0997,2227.55,3013.74,2026-06-05
31,2026-06-05 03:30:00+05:30,15,2558.34,GREEN,0.31,0.0997,2174.59,2942.09,2026-06-05
32,2026-06-05 03:45:00+05:30,16,2496.03,GREEN,0.2927,0.0997,2121.63,2870.44,2026-06-05
33,2026-06-05 04:00:00+05:30,17,2433.73,GREEN,0.2746,0.0997,2068.67,2798.79,2026-06-05
34,2026-06-05 04:15:00+05:30,18,2371.42,GREEN,0.2556,0.0997,2015.71,2727.14,2026-06-05
35,2026-06-05 04:30:00+05:30,19,2309.12,GREEN,0.2355,0.0997,1962.75,2655.49,2026-06-05
36,2026-06-05 04:45:00+05:30,20,2246.81,GREEN,0.2143,0.0997,1909.79,2583.83,2026-06-05
37,2026-06-05 05:00:00+05:30,21,2184.51,GREEN,0.0979,0.0997,1856.83,2512.18,2026-06-05
38,2026-06-05 05:15:00+05:30,22,2122.2,GREEN,0.0714,0.0997,1803.87,2440.53,2026-06-05
39,2026-06-05 05:30:00+05:30,23,2059.9,GREEN,0.0433,0.0997,1750.91,2368.88,2026-06-05
40,2026-06-05 05:45:00+05:30,24,1997.59,GREEN,0.0135,0.0997,1697.95,2297.23,2026-06-05
41,2026-06-05 06:00:00+05:30,25,1935.29,GREEN,0.0,0.0997,1644.99,2225.58,2026-06-05
42,2026-06-05 06:15:00+05:30,26,1872.98,GREEN,0.0,0.0997,1592.03,2153.93,2026-06-05
43,2026-06-05 06:30:00+05:30,27,1810.68,GREEN,0.0,0.0997,1539.07,2082.28,2026-06-05
44,2026-06-05 06:45:00+05:30,28,1748.37,GREEN,0.0,0.0997,1486.11,2010.63,2026-06-05
45,2026-06-05 07:00:00+05:30,29,1686.06,GREEN,0.0,0.0997,1433.15,1938.97,2026-06-05
46,2026-06-05 07:15:00+05:30,30,1623.76,GREEN,0.0,0.0997,1380.2,1867.32,2026-06-05
47,2026-06-05 07:30:00+05:30,31,1561.45,GREEN,0.0,0.0997,1327.24,1795.67,2026-06-05
48,2026-06-05 07:45:00+05:30,32,1499.15,GREEN,0.0,0.0997,1274.28,1724.02,2026-06-05
49,2026-06-05 08:00:00+05:30,33,1521.66,GREEN,0.0,0.0997,1293.41,1749.91,2026-06-05
50,2026-06-05 08:15:00+05:30,34,1544.17,GREEN,0.0,0.0997,1312.55,1775.8,2026-06-05
51,2026-06-05 08:30:00+05:30,35,1566.68,GREEN,0.0,0.0997,1331.68,1801.69,2026-06-05
52,2026-06-05 08:45:00+05:30,36,1589.2,GREEN,0.0,0.0997,1350.82,1827.58,2026-06-05
53,2026-06-05 09:00:00+05:30,37,1611.71,GREEN,0.0,0.0997,1369.95,1853.47,2026-06-05
54,2026-06-05 09:15:00+05:30,38,1634.22,GREEN,0.0,0.0997,1389.09,1879.35,2026-06-05
55,2026-06-05 09:30:00+05:30,39,1656.73,GREEN,0.0,0.0997,1408.22,1905.24,2026-06-05
56,2026-06-05 09:45:00+05:30,40,1679.25,GREEN,0.0,0.0997,1427.36,1931.13,2026-06-05
57,2026-06-05 10:00:00+05:30,41,1701.76,GREEN,0.0,0.0997,1446.49,1957.02,2026-06-05
58,2026-06-05 10:15:00+05:30,42,1724.27,GREEN,0.0,0.0997,1465.63,1982.91,2026-06-05
59,2026-06-05 10:30:00+05:30,43,1746.78,GREEN,0.0,0.0997,1484.76,2008.8,2026-06-05
60,2026-06-05 10:45:00+05:30,44,1769.29,GREEN,0.0,0.0997,1503.9,2034.69,2026-06-05
61,2026-06-05 11:00:00+05:30,45,1776.31,GREEN,0.0,0.0997,1509.86,2042.76,2026-06-05
62,2026-06-05 11:15:00+05:30,46,1783.33,GREEN,0.0,0.0997,1515.83,2050.83,2026-06-05
63,2026-06-05 11:30:00+05:30,47,1790.34,GREEN,0.0,0.0997,1521.79,2058.89,2026-06-05
64,2026-06-05 11:45:00+05:30,48,1797.36,GREEN,0.0,0.0997,1527.75,2066.96,2026-06-05
65,2026-06-05 12:00:00+05:30,49,1804.37,GREEN,0.0,0.0997,1533.72,2075.03,2026-06-05
66,2026-06-05 12:15:00+05:30,50,1811.39,GREEN,0.0,0.0997,1539.68,2083.1,2026-06-05
67,2026-06-05 12:30:00+05:30,51,1818.41,GREEN,0.0,0.0997,1545.65,2091.17,2026-06-05
68,2026-06-05 12:45:00+05:30,52,1825.42,GREEN,0.0,0.0997,1551.61,2099.24,2026-06-05
69,2026-06-05 13:00:00+05:30,53,1964.1,GREEN,0.0497,0.0997,1669.48,2258.71,2026-06-05
70,2026-06-05 13:15:00+05:30,54,2102.77,GREEN,0.1223,0.0997,1787.35,2418.18,2026-06-05
71,2026-06-05 13:30:00+05:30,55,2241.44,GREEN,0.1794,0.0997,1905.23,2577.66,2026-06-05
72,2026-06-05 13:45:00+05:30,56,2380.12,GREEN,0.236,0.0997,2023.1,2737.13,2026-06-05
73,2026-06-05 14:00:00+05:30,57,2477.0,GREEN,0.2717,0.0997,2105.45,2848.55,2026-06-05
74,2026-06-05 14:15:00+05:30,58,2573.88,GREEN,0.3048,0.0997,2187.8,2959.96,2026-06-05
75,2026-06-05 14:30:00+05:30,59,2670.77,GREEN,0.3654,0.0997,2270.15,3071.38,2026-06-05
76,2026-06-05 14:45:00+05:30,60,2767.65,GREEN,0.3928,0.0997,2352.5,3182.8,2026-06-05
77,2026-06-05 15:00:00+05:30,61,2883.31,GREEN,0.3128,0.0997,2450.81,3315.8,2026-06-05
78,2026-06-05 15:15:00+05:30,62,2998.97,GREEN,0.343,0.0997,2549.12,3448.81,2026-06-05
79,2026-06-05 15:30:00+05:30,63,3113.49,YELLOW,0.3616,0.0997,2646.47,3580.51,2026-06-05
80,2026-06-05 15:45:00+05:30,64,3228.01,YELLOW,0.3905,0.0997,2743.81,3712.21,2026-06-05
81,2026-06-05 16:00:00+05:30,65,3201.34,YELLOW,0.3867,0.0997,2721.14,3681.54,2026-06-05
82,2026-06-05 16:15:00+05:30,66,3174.67,YELLOW,0.3899,0.0997,2698.47,3650.87,2026-06-05
83,2026-06-05 16:30:00+05:30,67,3087.61,YELLOW,0.3769,0.0997,2624.47,3550.75,2026-06-05
84,2026-06-05 16:45:00+05:30,68,3000.55,YELLOW,0.3194,0.0997,2550.47,3450.63,2026-06-05
85,2026-06-05 17:00:00+05:30,69,2939.1,GREEN,0.3104,0.0997,2498.24,3379.97,2026-06-05
86,2026-06-05 17:15:00+05:30,70,2877.65,GREEN,0.2984,0.0997,2446.0,3309.3,2026-06-05
87,2026-06-05 17:30:00+05:30,71,2797.39,GREEN,0.2854,0.0997,2377.78,3216.99,2026-06-05
88,2026-06-05 17:45:00+05:30,72,2717.12,GREEN,0.2847,0.0997,2309.55,3124.69,2026-06-05
89,2026-06-05 18:00:00+05:30,73,3014.86,YELLOW,0.3306,0.0997,2562.63,3467.09,2026-06-05
90,2026-06-05 18:15:00+05:30,74,3312.6,YELLOW,0.3683,0.0997,2815.71,3809.49,2026-06-05
91,2026-06-05 18:30:00+05:30,75,3610.34,YELLOW,0.4038,0.0997,3068.79,4151.89,2026-06-05
92,2026-06-05 18:45:00+05:30,76,3908.08,YELLOW,0.4302,0.0997,3321.87,4494.29,2026-06-05
93,2026-06-05 19:00:00+05:30,77,4145.3,YELLOW,0.4485,0.0997,3523.51,4767.1,2026-06-05
94,2026-06-05 19:15:00+05:30,78,4382.52,YELLOW,0.4648,0.0997,3725.14,5039.9,2026-06-05
95,2026-06-05 19:30:00+05:30,79,4619.74,YELLOW,0.4702,0.0997,3926.78,5312.71,2026-06-05
96,2026-06-05 19:45:00+05:30,80,4856.97,YELLOW,0.4839,0.0997,4128.42,5585.51,2026-06-05
97,2026-06-05 20:00:00+05:30,81,4861.47,YELLOW,0.4841,0.0997,4132.25,5590.69,2026-06-05
98,2026-06-05 20:15:00+05:30,82,4865.96,YELLOW,0.4844,0.0997,4136.07,5595.86,2026-06-05
99,2026-06-05 20:30:00+05:30,83,4870.46,YELLOW,0.4846,0.0997,4139.89,5601.03,2026-06-05
100,2026-06-05 20:45:00+05:30,84,4874.96,YELLOW,0.4849,0.0997,4143.72,5606.21,2026-06-05
101,2026-06-05 21:00:00+05:30,85,4879.46,YELLOW,0.4851,0.0997,4147.54,5611.38,2026-06-05
102,2026-06-05 21:15:00+05:30,86,4883.96,YELLOW,0.4854,0.0997,4151.37,5616.55,2026-06-05
103,2026-06-05 21:30:00+05:30,87,4888.46,YELLOW,0.4856,0.0997,4155.19,5621.73,2026-06-05
104,2026-06-05 21:45:00+05:30,88,4892.96,YELLOW,0.4858,0.0997,4159.01,5626.9,2026-06-05
105,2026-06-05 22:00:00+05:30,89,4897.46,YELLOW,0.6481,0.0997,4162.84,5632.07,2026-06-05
106,2026-06-05 22:15:00+05:30,90,4901.95,YELLOW,0.6484,0.0997,4166.66,5637.25,2026-06-05
107,2026-06-05 22:30:00+05:30,91,4906.45,YELLOW,0.6488,0.0997,4170.48,5642.42,2026-06-05
108,2026-06-05 22:45:00+05:30,92,4910.95,YELLOW,0.6491,0.0997,4174.31,5647.59,2026-06-05
109,2026-06-05 23:00:00+05:30,93,4915.45,YELLOW,0.6494,0.0997,4178.13,5652.77,2026-06-05
110,2026-06-05 23:15:00+05:30,94,4919.95,YELLOW,0.6497,0.0997,4181.96,5657.94,2026-06-05
111,2026-06-05 23:30:00+05:30,95,4924.45,YELLOW,0.65,0.0997,4185.78,5663.11,2026-06-05
112,2026-06-05 23:45:00+05:30,96,4928.95,YELLOW,0.6504,0.0997,4189.6,5668.29,2026-06-05
113,2026-06-06 00:00:00+05:30,1,4933.44,YELLOW,0.6507,0.0997,4193.43,5673.46,2026-06-06
114,2026-06-06 00:15:00+05:30,2,4937.94,YELLOW,0.651,0.0997,4197.25,5678.64,2026-06-06
115,2026-06-06 00:30:00+05:30,3,4942.44,YELLOW,0.6513,0.0997,4201.08,5683.81,2026-06-06
116,2026-06-06 00:45:00+05:30,4,4946.94,YELLOW,0.6516,0.0997,4204.9,5688.98,2026-06-06
117,2026-06-06 01:00:00+05:30,5,4951.44,YELLOW,0.652,0.0997,4208.72,5694.16,2026-06-06
118,2026-06-06 01:15:00+05:30,6,4955.94,YELLOW,0.6523,0.0997,4212.55,5699.33,2026-06-06
119,2026-06-06 01:30:00+05:30,7,4960.44,YELLOW,0.6526,0.0997,4216.37,5704.5,2026-06-06
120,2026-06-06 01:45:00+05:30,8,4964.94,YELLOW,0.6529,0.0997,4220.2,5709.68,2026-06-06
121,2026-06-06 02:00:00+05:30,9,4969.43,YELLOW,0.6532,0.0997,4224.02,5714.85,2026-06-06
122,2026-06-06 02:15:00+05:30,10,4973.93,YELLOW,0.6535,0.0997,4227.84,5720.02,2026-06-06
123,2026-06-06 02:30:00+05:30,11,4978.43,YELLOW,0.6538,0.0997,4231.67,5725.2,2026-06-06
124,2026-06-06 02:45:00+05:30,12,4982.93,YELLOW,0.6542,0.0997,4235.49,5730.37,2026-06-06
125,2026-06-06 03:00:00+05:30,13,4987.43,YELLOW,0.6545,0.0997,4239.31,5735.54,2026-06-06
126,2026-06-06 03:15:00+05:30,14,4991.93,YELLOW,0.6548,0.0997,4243.14,5740.72,2026-06-06
127,2026-06-06 03:30:00+05:30,15,4996.43,YELLOW,0.6551,0.0997,4246.96,5745.89,2026-06-06
128,2026-06-06 03:45:00+05:30,16,5000.93,YELLOW,0.6554,0.0997,4250.79,5751.06,2026-06-06
129,2026-06-06 04:00:00+05:30,17,5005.42,YELLOW,0.6557,0.0997,4254.61,5756.24,2026-06-06
130,2026-06-06 04:15:00+05:30,18,5009.92,YELLOW,0.656,0.0997,4258.43,5761.41,2026-06-06
131,2026-06-06 04:30:00+05:30,19,5014.42,YELLOW,0.6563,0.0997,4262.26,5766.58,2026-06-06
132,2026-06-06 04:45:00+05:30,20,5018.92,YELLOW,0.6566,0.0997,4266.08,5771.76,2026-06-06
133,2026-06-06 05:00:00+05:30,21,5023.42,YELLOW,0.6569,0.0997,4269.91,5776.93,2026-06-06
134,2026-06-06 05:15:00+05:30,22,5027.92,YELLOW,0.6572,0.0997,4273.73,5782.1,2026-06-06
135,2026-06-06 05:30:00+05:30,23,5032.42,YELLOW,0.6576,0.0997,4277.55,5787.28,2026-06-06
136,2026-06-06 05:45:00+05:30,24,5036.91,YELLOW,0.6579,0.0997,4281.38,5792.45,2026-06-06
137,2026-06-06 06:00:00+05:30,25,5041.41,YELLOW,0.6582,0.0997,4285.2,5797.63,2026-06-06
138,2026-06-06 06:15:00+05:30,26,5045.91,YELLOW,0.6585,0.0997,4289.03,5802.8,2026-06-06
139,2026-06-06 06:30:00+05:30,27,5050.41,YELLOW,0.6588,0.0997,4292.85,5807.97,2026-06-06
140,2026-06-06 06:45:00+05:30,28,5054.91,YELLOW,0.6591,0.0997,4296.67,5813.15,2026-06-06
141,2026-06-06 07:00:00+05:30,29,5059.41,YELLOW,0.6594,0.0997,4300.5,5818.32,2026-06-06
142,2026-06-06 07:15:00+05:30,30,5063.91,YELLOW,0.6597,0.0997,4304.32,5823.49,2026-06-06
143,2026-06-06 07:30:00+05:30,31,5068.41,YELLOW,0.66,0.0997,4308.14,5828.67,2026-06-06
144,2026-06-06 07:45:00+05:30,32,5072.9,YELLOW,0.6603,0.0997,4311.97,5833.84,2026-06-06
145,2026-06-06 08:00:00+05:30,33,5077.4,YELLOW,0.7039,0.0997,4315.79,5839.01,2026-06-06
146,2026-06-06 08:15:00+05:30,34,5081.9,YELLOW,0.7043,0.0997,4319.62,5844.19,2026-06-06
147,2026-06-06 08:30:00+05:30,35,5086.4,YELLOW,0.7047,0.0997,4323.44,5849.36,2026-06-06
148,2026-06-06 08:45:00+05:30,36,5090.9,YELLOW,0.7051,0.0997,4327.26,5854.53,2026-06-06
149,2026-06-06 09:00:00+05:30,37,5095.4,YELLOW,0.7055,0.0997,4331.09,5859.71,2026-06-06
150,2026-06-06 09:15:00+05:30,38,5099.9,YELLOW,0.7059,0.0997,4334.91,5864.88,2026-06-06
151,2026-06-06 09:30:00+05:30,39,5104.39,YELLOW,0.7063,0.0997,4338.74,5870.05,2026-06-06
152,2026-06-06 09:45:00+05:30,40,5108.89,YELLOW,0.7067,0.0997,4342.56,5875.23,2026-06-06
153,2026-06-06 10:00:00+05:30,41,5113.39,YELLOW,0.7071,0.0997,4346.38,5880.4,2026-06-06
154,2026-06-06 10:15:00+05:30,42,5117.89,YELLOW,0.7075,0.0997,4350.21,5885.57,2026-06-06
155,2026-06-06 10:30:00+05:30,43,5122.39,YELLOW,0.7079,0.0997,4354.03,5890.75,2026-06-06
156,2026-06-06 10:45:00+05:30,44,5126.89,YELLOW,0.7082,0.0997,4357.85,5895.92,2026-06-06
157,2026-06-06 11:00:00+05:30,45,5131.39,YELLOW,0.7086,0.0997,4361.68,5901.09,2026-06-06
158,2026-06-06 11:15:00+05:30,46,5135.89,YELLOW,0.709,0.0997,4365.5,5906.27,2026-06-06
159,2026-06-06 11:30:00+05:30,47,5140.38,YELLOW,0.7094,0.0997,4369.33,5911.44,2026-06-06
160,2026-06-06 11:45:00+05:30,48,5144.88,YELLOW,0.7098,0.0997,4373.15,5916.62,2026-06-06
161,2026-06-06 12:00:00+05:30,49,5149.38,YELLOW,0.7102,0.0997,4376.97,5921.79,2026-06-06
162,2026-06-06 12:15:00+05:30,50,5153.88,YELLOW,0.7106,0.0997,4380.8,5926.96,2026-06-06
163,2026-06-06 12:30:00+05:30,51,5158.38,YELLOW,0.7109,0.0997,4384.62,5932.14,2026-06-06
164,2026-06-06 12:45:00+05:30,52,5162.88,YELLOW,0.7113,0.0997,4388.45,5937.31,2026-06-06
165,2026-06-06 13:00:00+05:30,53,5167.38,YELLOW,0.7117,0.0997,4392.27,5942.48,2026-06-06
166,2026-06-06 13:15:00+05:30,54,5171.87,YELLOW,0.7121,0.0997,4396.09,5947.66,2026-06-06
167,2026-06-06 13:30:00+05:30,55,5176.37,YELLOW,0.7125,0.0997,4399.92,5952.83,2026-06-06
168,2026-06-06 13:45:00+05:30,56,5180.87,YELLOW,0.7128,0.0997,4403.74,5958.0,2026-06-06
169,2026-06-06 14:00:00+05:30,57,5185.37,YELLOW,0.7132,0.0997,4407.57,5963.18,2026-06-06
170,2026-06-06 14:15:00+05:30,58,5189.87,YELLOW,0.7136,0.0997,4411.39,5968.35,2026-06-06
171,2026-06-06 14:30:00+05:30,59,5194.37,YELLOW,0.714,0.0997,4415.21,5973.52,2026-06-06
172,2026-06-06 14:45:00+05:30,60,5198.87,YELLOW,0.7144,0.0997,4419.04,5978.7,2026-06-06
173,2026-06-06 15:00:00+05:30,61,5203.37,YELLOW,0.5283,0.0997,4422.86,5983.87,2026-06-06
174,2026-06-06 15:15:00+05:30,62,5207.86,YELLOW,0.5286,0.0997,4426.68,5989.04,2026-06-06
175,2026-06-06 15:30:00+05:30,63,5212.36,YELLOW,0.5288,0.0997,4430.51,5994.22,2026-06-06
176,2026-06-06 15:45:00+05:30,64,5216.86,YELLOW,0.5291,0.0997,4434.33,5999.39,2026-06-06
177,2026-06-06 16:00:00+05:30,65,5221.36,YELLOW,0.5294,0.0997,4438.16,6004.56,2026-06-06
178,2026-06-06 16:15:00+05:30,66,5225.86,YELLOW,0.5297,0.0997,4441.98,6009.74,2026-06-06
179,2026-06-06 16:30:00+05:30,67,5230.36,YELLOW,0.5299,0.0997,4445.8,6014.91,2026-06-06
180,2026-06-06 16:45:00+05:30,68,5234.86,YELLOW,0.4678,0.0997,4449.63,6020.08,2026-06-06
181,2026-06-06 17:00:00+05:30,69,5239.36,YELLOW,0.4681,0.0997,4453.45,6025.26,2026-06-06
182,2026-06-06 17:15:00+05:30,70,5243.85,YELLOW,0.4683,0.0997,4457.28,6030.43,2026-06-06
183,2026-06-06 17:30:00+05:30,71,5248.35,YELLOW,0.4686,0.0997,4461.1,6035.61,2026-06-06
184,2026-06-06 17:45:00+05:30,72,5252.85,YELLOW,0.4688,0.0997,4464.92,6040.78,2026-06-06
185,2026-06-06 18:00:00+05:30,73,5257.35,YELLOW,0.469,0.0997,4468.75,6045.95,2026-06-06
186,2026-06-06 18:15:00+05:30,74,5261.85,YELLOW,0.4693,0.0997,4472.57,6051.13,2026-06-06
187,2026-06-06 18:30:00+05:30,75,5266.35,YELLOW,0.4695,0.0997,4476.4,6056.3,2026-06-06
188,2026-06-06 18:45:00+05:30,76,5270.85,YELLOW,0.4698,0.0997,4480.22,6061.47,2026-06-06
189,2026-06-06 19:00:00+05:30,77,5275.34,YELLOW,0.47,0.0997,4484.04,6066.65,2026-06-06
190,2026-06-06 19:15:00+05:30,78,5279.84,YELLOW,0.4702,0.0997,4487.87,6071.82,2026-06-06
191,2026-06-06 19:30:00+05:30,79,5284.34,YELLOW,0.4705,0.0997,4491.69,6076.99,2026-06-06
192,2026-06-06 19:45:00+05:30,80,5288.84,YELLOW,0.4707,0.0997,4495.51,6082.17,2026-06-06
193,2026-06-06 20:00:00+05:30,81,5291.89,YELLOW,0.4709,0.0997,4498.1,6085.67,2026-06-06
194,2026-06-06 20:15:00+05:30,82,5294.93,YELLOW,0.471,0.0997,4500.69,6089.17,2026-06-06
195,2026-06-06 20:30:00+05:30,83,5297.98,YELLOW,0.4712,0.0997,4503.28,6092.67,2026-06-06
196,2026-06-06 20:45:00+05:30,84,5301.02,YELLOW,0.4714,0.0997,4505.87,6096.18,2026-06-06
197,2026-06-06 21:00:00+05:30,85,5304.07,YELLOW,0.4715,0.0997,4508.46,6099.68,2026-06-06
198,2026-06-06 21:15:00+05:30,86,5307.12,YELLOW,0.4717,0.0997,4511.05,6103.18,2026-06-06
199,2026-06-06 21:30:00+05:30,87,5310.16,YELLOW,0.4718,0.0997,4513.64,6106.69,2026-06-06
200,2026-06-06 21:45:00+05:30,88,5313.21,YELLOW,0.472,0.0997,4516.23,6110.19,2026-06-06
201,2026-06-06 22:00:00+05:30,89,5316.25,YELLOW,0.6295,0.0997,4518.81,6113.69,2026-06-06
202,2026-06-06 22:15:00+05:30,90,5319.3,YELLOW,0.6298,0.0997,4521.4,6117.19,2026-06-06
203,2026-06-06 22:30:00+05:30,91,5322.34,YELLOW,0.63,0.0997,4523.99,6120.7,2026-06-06
204,2026-06-06 22:45:00+05:30,92,5325.39,YELLOW,0.6302,0.0997,4526.58,6124.2,2026-06-06
205,2026-06-06 23:00:00+05:30,93,5328.44,YELLOW,0.6304,0.0997,4529.17,6127.7,2026-06-06
206,2026-06-06 23:15:00+05:30,94,5331.48,YELLOW,0.6306,0.0997,4531.76,6131.2,2026-06-06
207,2026-06-06 23:30:00+05:30,95,5334.53,YELLOW,0.6308,0.0997,4534.35,6134.71,2026-06-06
208,2026-06-06 23:45:00+05:30,96,5337.57,YELLOW,0.631,0.0997,4536.94,6138.21,2026-06-06
209,2026-06-07 00:00:00+05:30,1,5340.62,YELLOW,0.6312,0.0997,4539.53,6141.71,2026-06-07
210,2026-06-07 00:15:00+05:30,2,5343.66,YELLOW,0.6314,0.0997,4542.12,6145.21,2026-06-07
211,2026-06-07 00:30:00+05:30,3,5346.71,YELLOW,0.6317,0.0997,4544.7,6148.72,2026-06-07
212,2026-06-07 00:45:00+05:30,4,5349.76,YELLOW,0.6319,0.0997,4547.29,6152.22,2026-06-07
213,2026-06-07 01:00:00+05:30,5,5352.8,YELLOW,0.6321,0.0997,4549.88,6155.72,2026-06-07
214,2026-06-07 01:15:00+05:30,6,5355.85,YELLOW,0.6323,0.0997,4552.47,6159.23,2026-06-07
215,2026-06-07 01:30:00+05:30,7,5358.89,YELLOW,0.6325,0.0997,4555.06,6162.73,2026-06-07
216,2026-06-07 01:45:00+05:30,8,5361.94,YELLOW,0.6327,0.0997,4557.65,6166.23,2026-06-07
217,2026-06-07 02:00:00+05:30,9,5364.99,YELLOW,0.6329,0.0997,4560.24,6169.73,2026-06-07
218,2026-06-07 02:15:00+05:30,10,5368.03,YELLOW,0.6331,0.0997,4562.83,6173.24,2026-06-07
219,2026-06-07 02:30:00+05:30,11,5371.08,YELLOW,0.6333,0.0997,4565.42,6176.74,2026-06-07
220,2026-06-07 02:45:00+05:30,12,5374.12,YELLOW,0.6335,0.0997,4568.0,6180.24,2026-06-07
221,2026-06-07 03:00:00+05:30,13,5377.17,YELLOW,0.6337,0.0997,4570.59,6183.74,2026-06-07
222,2026-06-07 03:15:00+05:30,14,5380.21,YELLOW,0.6339,0.0997,4573.18,6187.25,2026-06-07
223,2026-06-07 03:30:00+05:30,15,5383.26,YELLOW,0.6342,0.0997,4575.77,6190.75,2026-06-07
224,2026-06-07 03:45:00+05:30,16,5386.31,YELLOW,0.6344,0.0997,4578.36,6194.25,2026-06-07
225,2026-06-07 04:00:00+05:30,17,5389.35,YELLOW,0.6346,0.0997,4580.95,6197.75,2026-06-07
226,2026-06-07 04:15:00+05:30,18,5392.4,YELLOW,0.6348,0.0997,4583.54,6201.26,2026-06-07
227,2026-06-07 04:30:00+05:30,19,5395.44,YELLOW,0.635,0.0997,4586.13,6204.76,2026-06-07
228,2026-06-07 04:45:00+05:30,20,5398.49,YELLOW,0.6352,0.0997,4588.72,6208.26,2026-06-07
229,2026-06-07 05:00:00+05:30,21,5401.53,YELLOW,0.6354,0.0997,4591.3,6211.76,2026-06-07
230,2026-06-07 05:15:00+05:30,22,5404.58,YELLOW,0.6356,0.0997,4593.89,6215.27,2026-06-07
231,2026-06-07 05:30:00+05:30,23,5407.63,YELLOW,0.6358,0.0997,4596.48,6218.77,2026-06-07
232,2026-06-07 05:45:00+05:30,24,5410.67,YELLOW,0.636,0.0997,4599.07,6222.27,2026-06-07
233,2026-06-07 06:00:00+05:30,25,5413.72,YELLOW,0.6362,0.0997,4601.66,6225.78,2026-06-07
234,2026-06-07 06:15:00+05:30,26,5416.76,YELLOW,0.6364,0.0997,4604.25,6229.28,2026-06-07
235,2026-06-07 06:30:00+05:30,27,5419.81,YELLOW,0.6366,0.0997,4606.84,6232.78,2026-06-07
236,2026-06-07 06:45:00+05:30,28,5422.86,YELLOW,0.6368,0.0997,4609.43,6236.28,2026-06-07
237,2026-06-07 07:00:00+05:30,29,5425.9,YELLOW,0.637,0.0997,4612.02,6239.79,2026-06-07
238,2026-06-07 07:15:00+05:30,30,5428.95,YELLOW,0.6372,0.0997,4614.6,6243.29,2026-06-07
239,2026-06-07 07:30:00+05:30,31,5431.99,YELLOW,0.6374,0.0997,4617.19,6246.79,2026-06-07
240,2026-06-07 07:45:00+05:30,32,5435.04,YELLOW,0.6376,0.0997,4619.78,6250.29,2026-06-07
241,2026-06-07 08:00:00+05:30,33,5438.08,YELLOW,0.7335,0.0997,4622.37,6253.8,2026-06-07
242,2026-06-07 08:15:00+05:30,34,5441.13,YELLOW,0.7338,0.0997,4624.96,6257.3,2026-06-07
243,2026-06-07 08:30:00+05:30,35,5444.18,YELLOW,0.734,0.0997,4627.55,6260.8,2026-06-07
244,2026-06-07 08:45:00+05:30,36,5447.22,YELLOW,0.7342,0.0997,4630.14,6264.3,2026-06-07
245,2026-06-07 09:00:00+05:30,37,5450.27,YELLOW,0.7344,0.0997,4632.73,6267.81,2026-06-07
246,2026-06-07 09:15:00+05:30,38,5453.31,YELLOW,0.7347,0.0997,4635.32,6271.31,2026-06-07
247,2026-06-07 09:30:00+05:30,39,5456.36,YELLOW,0.7349,0.0997,4637.91,6274.81,2026-06-07
248,2026-06-07 09:45:00+05:30,40,5459.4,YELLOW,0.7351,0.0997,4640.49,6278.32,2026-06-07
249,2026-06-07 10:00:00+05:30,41,5462.45,YELLOW,0.7354,0.0997,4643.08,6281.82,2026-06-07
250,2026-06-07 10:15:00+05:30,42,5465.5,YELLOW,0.7356,0.0997,4645.67,6285.32,2026-06-07
251,2026-06-07 10:30:00+05:30,43,5468.54,YELLOW,0.7358,0.0997,4648.26,6288.82,2026-06-07
252,2026-06-07 10:45:00+05:30,44,5471.59,YELLOW,0.7361,0.0997,4650.85,6292.33,2026-06-07
253,2026-06-07 11:00:00+05:30,45,5474.63,YELLOW,0.7363,0.0997,4653.44,6295.83,2026-06-07
254,2026-06-07 11:15:00+05:30,46,5477.68,YELLOW,0.7365,0.0997,4656.03,6299.33,2026-06-07
255,2026-06-07 11:30:00+05:30,47,5480.73,YELLOW,0.7368,0.0997,4658.62,6302.83,2026-06-07
256,2026-06-07 11:45:00+05:30,48,5483.77,YELLOW,0.737,0.0997,4661.21,6306.34,2026-06-07
257,2026-06-07 12:00:00+05:30,49,5486.82,YELLOW,0.7372,0.0997,4663.79,6309.84,2026-06-07
258,2026-06-07 12:15:00+05:30,50,5489.86,YELLOW,0.7374,0.0997,4666.38,6313.34,2026-06-07
259,2026-06-07 12:30:00+05:30,51,5492.91,YELLOW,0.7377,0.0997,4668.97,6316.84,2026-06-07
260,2026-06-07 12:45:00+05:30,52,5495.95,YELLOW,0.7379,0.0997,4671.56,6320.35,2026-06-07
261,2026-06-07 13:00:00+05:30,53,5499.0,YELLOW,0.7381,0.0997,4674.15,6323.85,2026-06-07
262,2026-06-07 13:15:00+05:30,54,5502.05,YELLOW,0.7384,0.0997,4676.74,6327.35,2026-06-07
263,2026-06-07 13:30:00+05:30,55,5505.09,YELLOW,0.7386,0.0997,4679.33,6330.86,2026-06-07
264,2026-06-07 13:45:00+05:30,56,5508.14,YELLOW,0.7388,0.0997,4681.92,6334.36,2026-06-07
265,2026-06-07 14:00:00+05:30,57,5511.18,YELLOW,0.739,0.0997,4684.51,6337.86,2026-06-07
266,2026-06-07 14:15:00+05:30,58,5514.23,YELLOW,0.7393,0.0997,4687.09,6341.36,2026-06-07
267,2026-06-07 14:30:00+05:30,59,5517.27,YELLOW,0.7395,0.0997,4689.68,6344.87,2026-06-07
268,2026-06-07 14:45:00+05:30,60,5520.32,YELLOW,0.7397,0.0997,4692.27,6348.37,2026-06-07
269,2026-06-07 15:00:00+05:30,61,5523.37,YELLOW,0.5469,0.0997,4694.86,6351.87,2026-06-07
270,2026-06-07 15:15:00+05:30,62,5526.41,YELLOW,0.5471,0.0997,4697.45,6355.37,2026-06-07
271,2026-06-07 15:30:00+05:30,63,5529.46,YELLOW,0.5473,0.0997,4700.04,6358.88,2026-06-07
272,2026-06-07 15:45:00+05:30,64,5532.5,YELLOW,0.5474,0.0997,4702.63,6362.38,2026-06-07
273,2026-06-07 16:00:00+05:30,65,5535.55,YELLOW,0.5476,0.0997,4705.22,6365.88,2026-06-07
274,2026-06-07 16:15:00+05:30,66,5538.6,YELLOW,0.5478,0.0997,4707.81,6369.38,2026-06-07
275,2026-06-07 16:30:00+05:30,67,5541.64,YELLOW,0.5479,0.0997,4710.39,6372.89,2026-06-07
276,2026-06-07 16:45:00+05:30,68,5544.69,YELLOW,0.4836,0.0997,4712.98,6376.39,2026-06-07
277,2026-06-07 17:00:00+05:30,69,5547.73,YELLOW,0.4838,0.0997,4715.57,6379.89,2026-06-07
278,2026-06-07 17:15:00+05:30,70,5550.78,YELLOW,0.4839,0.0997,4718.16,6383.4,2026-06-07
279,2026-06-07 17:30:00+05:30,71,5553.82,YELLOW,0.484,0.0997,4720.75,6386.9,2026-06-07
280,2026-06-07 17:45:00+05:30,72,5556.87,YELLOW,0.4842,0.0997,4723.34,6390.4,2026-06-07
281,2026-06-07 18:00:00+05:30,73,5559.92,YELLOW,0.4843,0.0997,4725.93,6393.9,2026-06-07
282,2026-06-07 18:15:00+05:30,74,5562.96,YELLOW,0.4845,0.0997,4728.52,6397.41,2026-06-07
283,2026-06-07 18:30:00+05:30,75,5566.01,YELLOW,0.4846,0.0997,4731.11,6400.91,2026-06-07
284,2026-06-07 18:45:00+05:30,76,5569.05,YELLOW,0.4848,0.0997,4733.7,6404.41,2026-06-07
285,2026-06-07 19:00:00+05:30,77,5572.1,YELLOW,0.4849,0.0997,4736.28,6407.91,2026-06-07
286,2026-06-07 19:15:00+05:30,78,5575.14,YELLOW,0.4851,0.0997,4738.87,6411.42,2026-06-07
287,2026-06-07 19:30:00+05:30,79,5578.19,YELLOW,0.4852,0.0997,4741.46,6414.92,2026-06-07
288,2026-06-07 19:45:00+05:30,80,5581.24,YELLOW,0.4853,0.0997,4744.05,6418.42,2026-06-07
289,2026-06-07 20:00:00+05:30,81,5584.28,YELLOW,0.4855,0.0997,4746.64,6421.92,2026-06-07
290,2026-06-07 20:15:00+05:30,82,5587.33,YELLOW,0.4856,0.0997,4749.23,6425.43,2026-06-07
291,2026-06-07 20:30:00+05:30,83,5590.37,YELLOW,0.4858,0.0997,4751.82,6428.93,2026-06-07
292,2026-06-07 20:45:00+05:30,84,5593.42,YELLOW,0.4859,0.0997,4754.41,6432.43,2026-06-07
293,2026-06-07 21:00:00+05:30,85,5596.47,YELLOW,0.4861,0.0997,4757.0,6435.94,2026-06-07
294,2026-06-07 21:15:00+05:30,86,5599.51,YELLOW,0.4862,0.0997,4759.58,6439.44,2026-06-07
295,2026-06-07 21:30:00+05:30,87,5602.56,YELLOW,0.4864,0.0997,4762.17,6442.94,2026-06-07
296,2026-06-07 21:45:00+05:30,88,5605.6,YELLOW,0.4865,0.0997,4764.76,6446.44,2026-06-07
297,2026-06-07 22:00:00+05:30,89,5608.65,YELLOW,0.6489,0.0997,4767.35,6449.95,2026-06-07
298,2026-06-07 22:15:00+05:30,90,5611.69,YELLOW,0.649,0.0997,4769.94,6453.45,2026-06-07
299,2026-06-07 22:30:00+05:30,91,5614.74,YELLOW,0.6492,0.0997,4772.53,6456.95,2026-06-07
300,2026-06-07 22:45:00+05:30,92,5617.79,YELLOW,0.6494,0.0997,4775.12,6460.45,2026-06-07
301,2026-06-07 23:00:00+05:30,93,5620.83,YELLOW,0.6496,0.0997,4777.71,6463.96,2026-06-07
302,2026-06-07 23:15:00+05:30,94,5623.88,YELLOW,0.6498,0.0997,4780.3,6467.46,2026-06-07
303,2026-06-07 23:30:00+05:30,95,5626.92,YELLOW,0.65,0.0997,4782.88,6470.96,2026-06-07
304,2026-06-07 23:45:00+05:30,96,5629.97,YELLOW,0.6502,0.0997,4785.47,6474.46,2026-06-07
305,2026-06-08 00:00:00+05:30,1,5633.01,YELLOW,0.6504,0.0997,4788.06,6477.97,2026-06-08
306,2026-06-08 00:15:00+05:30,2,5636.06,YELLOW,0.6506,0.0997,4790.65,6481.47,2026-06-08
307,2026-06-08 00:30:00+05:30,3,5639.11,YELLOW,0.6508,0.0997,4793.24,6484.97,2026-06-08
308,2026-06-08 00:45:00+05:30,4,5642.15,YELLOW,0.6509,0.0997,4795.83,6488.47,2026-06-08
309,2026-06-08 01:00:00+05:30,5,5645.2,YELLOW,0.6511,0.0997,4798.42,6491.98,2026-06-08
310,2026-06-08 01:15:00+05:30,6,5648.24,YELLOW,0.6513,0.0997,4801.01,6495.48,2026-06-08
311,2026-06-08 01:30:00+05:30,7,5651.29,YELLOW,0.6515,0.0997,4803.6,6498.98,2026-06-08
312,2026-06-08 01:45:00+05:30,8,5654.34,YELLOW,0.6517,0.0997,4806.19,6502.49,2026-06-08
313,2026-06-08 02:00:00+05:30,9,5657.38,YELLOW,0.6519,0.0997,4808.77,6505.99,2026-06-08
314,2026-06-08 02:15:00+05:30,10,5660.43,YELLOW,0.6521,0.0997,4811.36,6509.49,2026-06-08
315,2026-06-08 02:30:00+05:30,11,5663.47,YELLOW,0.6523,0.0997,4813.95,6512.99,2026-06-08
316,2026-06-08 02:45:00+05:30,12,5666.52,YELLOW,0.6524,0.0997,4816.54,6516.5,2026-06-08
317,2026-06-08 03:00:00+05:30,13,5669.56,YELLOW,0.6526,0.0997,4819.13,6520.0,2026-06-08
318,2026-06-08 03:15:00+05:30,14,5672.61,YELLOW,0.6528,0.0997,4821.72,6523.5,2026-06-08
319,2026-06-08 03:30:00+05:30,15,5675.66,YELLOW,0.653,0.0997,4824.31,6527.0,2026-06-08
320,2026-06-08 03:45:00+05:30,16,5678.7,YELLOW,0.6532,0.0997,4826.9,6530.51,2026-06-08
321,2026-06-08 04:00:00+05:30,17,5681.75,YELLOW,0.6534,0.0997,4829.49,6534.01,2026-06-08
322,2026-06-08 04:15:00+05:30,18,5684.79,YELLOW,0.6536,0.0997,4832.07,6537.51,2026-06-08
323,2026-06-08 04:30:00+05:30,19,5687.84,YELLOW,0.6537,0.0997,4834.66,6541.01,2026-06-08
324,2026-06-08 04:45:00+05:30,20,5690.88,YELLOW,0.6539,0.0997,4837.25,6544.52,2026-06-08
325,2026-06-08 05:00:00+05:30,21,5693.93,YELLOW,0.6541,0.0997,4839.84,6548.02,2026-06-08
326,2026-06-08 05:15:00+05:30,22,5696.98,YELLOW,0.6543,0.0997,4842.43,6551.52,2026-06-08
327,2026-06-08 05:30:00+05:30,23,5700.02,YELLOW,0.6545,0.0997,4845.02,6555.03,2026-06-08
328,2026-06-08 05:45:00+05:30,24,5703.07,YELLOW,0.6547,0.0997,4847.61,6558.53,2026-06-08
329,2026-06-08 06:00:00+05:30,25,5706.11,YELLOW,0.6549,0.0997,4850.2,6562.03,2026-06-08
330,2026-06-08 06:15:00+05:30,26,5709.16,YELLOW,0.655,0.0997,4852.79,6565.53,2026-06-08
331,2026-06-08 06:30:00+05:30,27,5712.21,YELLOW,0.6552,0.0997,4855.37,6569.04,2026-06-08
332,2026-06-08 06:45:00+05:30,28,5715.25,YELLOW,0.6554,0.0997,4857.96,6572.54,2026-06-08
333,2026-06-08 07:00:00+05:30,29,5718.3,YELLOW,0.6556,0.0997,4860.55,6576.04,2026-06-08
334,2026-06-08 07:15:00+05:30,30,5721.34,YELLOW,0.6558,0.0997,4863.14,6579.54,2026-06-08
335,2026-06-08 07:30:00+05:30,31,5724.39,YELLOW,0.656,0.0997,4865.73,6583.05,2026-06-08
336,2026-06-08 07:45:00+05:30,32,5727.43,YELLOW,0.6561,0.0997,4868.32,6586.55,2026-06-08
337,2026-06-08 08:00:00+05:30,33,5730.48,YELLOW,0.7548,0.0997,4870.91,6590.05,2026-06-08
338,2026-06-08 08:15:00+05:30,34,5733.53,YELLOW,0.755,0.0997,4873.5,6593.55,2026-06-08
339,2026-06-08 08:30:00+05:30,35,5736.57,YELLOW,0.7552,0.0997,4876.09,6597.06,2026-06-08
340,2026-06-08 08:45:00+05:30,36,5739.62,YELLOW,0.7554,0.0997,4878.67,6600.56,2026-06-08
341,2026-06-08 09:00:00+05:30,37,5742.66,YELLOW,0.7556,0.0997,4881.26,6604.06,2026-06-08
342,2026-06-08 09:15:00+05:30,38,5745.71,YELLOW,0.7558,0.0997,4883.85,6607.57,2026-06-08
343,2026-06-08 09:30:00+05:30,39,5748.75,YELLOW,0.756,0.0997,4886.44,6611.07,2026-06-08
344,2026-06-08 09:45:00+05:30,40,5751.8,YELLOW,0.7562,0.0997,4889.03,6614.57,2026-06-08
345,2026-06-08 10:00:00+05:30,41,5754.85,YELLOW,0.7564,0.0997,4891.62,6618.07,2026-06-08
346,2026-06-08 10:15:00+05:30,42,5757.89,YELLOW,0.7567,0.0997,4894.21,6621.58,2026-06-08
347,2026-06-08 10:30:00+05:30,43,5760.94,YELLOW,0.7569,0.0997,4896.8,6625.08,2026-06-08
348,2026-06-08 10:45:00+05:30,44,5763.98,YELLOW,0.7571,0.0997,4899.39,6628.58,2026-06-08
349,2026-06-08 11:00:00+05:30,45,5767.03,YELLOW,0.7573,0.0997,4901.98,6632.08,2026-06-08
350,2026-06-08 11:15:00+05:30,46,5770.08,YELLOW,0.7575,0.0997,4904.56,6635.59,2026-06-08
351,2026-06-08 11:30:00+05:30,47,5773.12,YELLOW,0.7577,0.0997,4907.15,6639.09,2026-06-08
352,2026-06-08 11:45:00+05:30,48,5776.17,YELLOW,0.7579,0.0997,4909.74,6642.59,2026-06-08
353,2026-06-08 12:00:00+05:30,49,5779.21,YELLOW,0.7581,0.0997,4912.33,6646.09,2026-06-08
354,2026-06-08 12:15:00+05:30,50,5782.26,YELLOW,0.7583,0.0997,4914.92,6649.6,2026-06-08
355,2026-06-08 12:30:00+05:30,51,5785.3,YELLOW,0.7585,0.0997,4917.51,6653.1,2026-06-08
356,2026-06-08 12:45:00+05:30,52,5788.35,YELLOW,0.7587,0.0997,4920.1,6656.6,2026-06-08
357,2026-06-08 13:00:00+05:30,53,5791.4,YELLOW,0.7589,0.0997,4922.69,6660.11,2026-06-08
358,2026-06-08 13:15:00+05:30,54,5794.44,YELLOW,0.7591,0.0997,4925.28,6663.61,2026-06-08
359,2026-06-08 13:30:00+05:30,55,5797.49,YELLOW,0.7593,0.0997,4927.86,6667.11,2026-06-08
360,2026-06-08 13:45:00+05:30,56,5800.53,YELLOW,0.7595,0.0997,4930.45,6670.61,2026-06-08
361,2026-06-08 14:00:00+05:30,57,5803.58,YELLOW,0.7597,0.0997,4933.04,6674.12,2026-06-08
362,2026-06-08 14:15:00+05:30,58,5806.62,YELLOW,0.76,0.0997,4935.63,6677.62,2026-06-08
363,2026-06-08 14:30:00+05:30,59,5809.67,YELLOW,0.7602,0.0997,4938.22,6681.12,2026-06-08
364,2026-06-08 14:45:00+05:30,60,5812.72,YELLOW,0.7604,0.0997,4940.81,6684.62,2026-06-08
365,2026-06-08 15:00:00+05:30,61,5815.76,YELLOW,0.5622,0.0997,4943.4,6688.13,2026-06-08
366,2026-06-08 15:15:00+05:30,62,5818.81,YELLOW,0.5623,0.0997,4945.99,6691.63,2026-06-08
367,2026-06-08 15:30:00+05:30,63,5821.85,YELLOW,0.5625,0.0997,4948.58,6695.13,2026-06-08
368,2026-06-08 15:45:00+05:30,64,5824.9,YELLOW,0.5626,0.0997,4951.16,6698.63,2026-06-08
369,2026-06-08 16:00:00+05:30,65,5827.95,YELLOW,0.5628,0.0997,4953.75,6702.14,2026-06-08
370,2026-06-08 16:15:00+05:30,66,5830.99,YELLOW,0.5629,0.0997,4956.34,6705.64,2026-06-08
371,2026-06-08 16:30:00+05:30,67,5834.04,YELLOW,0.5631,0.0997,4958.93,6709.14,2026-06-08
372,2026-06-08 16:45:00+05:30,68,5837.08,YELLOW,0.4969,0.0997,4961.52,6712.65,2026-06-08
373,2026-06-08 17:00:00+05:30,69,5840.13,YELLOW,0.4971,0.0997,4964.11,6716.15,2026-06-08
374,2026-06-08 17:15:00+05:30,70,5843.17,YELLOW,0.4972,0.0997,4966.7,6719.65,2026-06-08
375,2026-06-08 17:30:00+05:30,71,5846.22,YELLOW,0.4973,0.0997,4969.29,6723.15,2026-06-08
376,2026-06-08 17:45:00+05:30,72,5849.27,YELLOW,0.4975,0.0997,4971.88,6726.66,2026-06-08
377,2026-06-08 18:00:00+05:30,73,5852.31,YELLOW,0.4976,0.0997,4974.46,6730.16,2026-06-08
378,2026-06-08 18:15:00+05:30,74,5855.36,YELLOW,0.4977,0.0997,4977.05,6733.66,2026-06-08
379,2026-06-08 18:30:00+05:30,75,5858.4,YELLOW,0.4979,0.0997,4979.64,6737.16,2026-06-08
380,2026-06-08 18:45:00+05:30,76,5861.45,YELLOW,0.498,0.0997,4982.23,6740.67,2026-06-08
381,2026-06-08 19:00:00+05:30,77,5864.49,YELLOW,0.4981,0.0997,4984.82,6744.17,2026-06-08
382,2026-06-08 19:15:00+05:30,78,5867.54,YELLOW,0.4983,0.0997,4987.41,6747.67,2026-06-08
383,2026-06-08 19:30:00+05:30,79,5870.59,YELLOW,0.4984,0.0997,4990.0,6751.17,2026-06-08
384,2026-06-08 19:45:00+05:30,80,5873.63,YELLOW,0.4985,0.0997,4992.59,6754.68,2026-06-08
385,2026-06-08 20:00:00+05:30,81,5876.68,YELLOW,0.4987,0.0997,4995.18,6758.18,2026-06-08
386,2026-06-08 20:15:00+05:30,82,5879.72,YELLOW,0.4988,0.0997,4997.77,6761.68,2026-06-08
387,2026-06-08 20:30:00+05:30,83,5882.77,YELLOW,0.4989,0.0997,5000.35,6765.18,2026-06-08
388,2026-06-08 20:45:00+05:30,84,5885.82,YELLOW,0.499,0.0997,5002.94,6768.69,2026-06-08
389,2026-06-08 21:00:00+05:30,85,5888.86,YELLOW,0.4992,0.0997,5005.53,6772.19,2026-06-08
390,2026-06-08 21:15:00+05:30,86,5891.91,YELLOW,0.4993,0.0997,5008.12,6775.69,2026-06-08
391,2026-06-08 21:30:00+05:30,87,5894.95,YELLOW,0.4994,0.0997,5010.71,6779.2,2026-06-08
392,2026-06-08 21:45:00+05:30,88,5898.0,YELLOW,0.4996,0.0997,5013.3,6782.7,2026-06-08
393,2026-06-08 22:00:00+05:30,89,5901.04,YELLOW,0.6663,0.0997,5015.89,6786.2,2026-06-08
394,2026-06-08 22:15:00+05:30,90,5904.09,YELLOW,0.6664,0.0997,5018.48,6789.7,2026-06-08
395,2026-06-08 22:30:00+05:30,91,5907.14,YELLOW,0.6666,0.0997,5021.07,6793.21,2026-06-08
396,2026-06-08 22:45:00+05:30,92,5910.18,YELLOW,0.6668,0.0997,5023.65,6796.71,2026-06-08
397,2026-06-08 23:00:00+05:30,93,5913.23,YELLOW,0.6669,0.0997,5026.24,6800.21,2026-06-08
398,2026-06-08 23:15:00+05:30,94,5916.27,YELLOW,0.6671,0.0997,5028.83,6803.71,2026-06-08
399,2026-06-08 23:30:00+05:30,95,5919.32,YELLOW,0.6673,0.0997,5031.42,6807.22,2026-06-08
400,2026-06-08 23:45:00+05:30,96,5922.36,YELLOW,0.6675,0.0997,5034.01,6810.72,2026-06-08
401,2026-06-09 00:00:00+05:30,1,5925.41,YELLOW,0.6676,0.0997,5036.6,6814.22,2026-06-09
402,2026-06-09 00:15:00+05:30,2,5928.46,YELLOW,0.6678,0.0997,5039.19,6817.72,2026-06-09
403,2026-06-09 00:30:00+05:30,3,5931.5,YELLOW,0.668,0.0997,5041.78,6821.23,2026-06-09
404,2026-06-09 00:45:00+05:30,4,5934.55,YELLOW,0.6681,0.0997,5044.37,6824.73,2026-06-09
405,2026-06-09 01:00:00+05:30,5,5937.59,YELLOW,0.6683,0.0997,5046.95,6828.23,2026-06-09
406,2026-06-09 01:15:00+05:30,6,5940.64,YELLOW,0.6685,0.0997,5049.54,6831.74,2026-06-09
407,2026-06-09 01:30:00+05:30,7,5943.69,YELLOW,0.6686,0.0997,5052.13,6835.24,2026-06-09
408,2026-06-09 01:45:00+05:30,8,5946.73,YELLOW,0.6688,0.0997,5054.72,6838.74,2026-06-09
409,2026-06-09 02:00:00+05:30,9,5949.78,YELLOW,0.669,0.0997,5057.31,6842.24,2026-06-09
410,2026-06-09 02:15:00+05:30,10,5952.82,YELLOW,0.6692,0.0997,5059.9,6845.75,2026-06-09
411,2026-06-09 02:30:00+05:30,11,5955.87,YELLOW,0.6693,0.0997,5062.49,6849.25,2026-06-09
412,2026-06-09 02:45:00+05:30,12,5958.91,YELLOW,0.6695,0.0997,5065.08,6852.75,2026-06-09
413,2026-06-09 03:00:00+05:30,13,5961.96,YELLOW,0.6697,0.0997,5067.67,6856.25,2026-06-09
414,2026-06-09 03:15:00+05:30,14,5965.01,YELLOW,0.6698,0.0997,5070.25,6859.76,2026-06-09
415,2026-06-09 03:30:00+05:30,15,5968.05,YELLOW,0.67,0.0997,5072.84,6863.26,2026-06-09
416,2026-06-09 03:45:00+05:30,16,5971.1,YELLOW,0.6702,0.0997,5075.43,6866.76,2026-06-09
417,2026-06-09 04:00:00+05:30,17,5974.14,YELLOW,0.6703,0.0997,5078.02,6870.26,2026-06-09
418,2026-06-09 04:15:00+05:30,18,5977.19,YELLOW,0.6705,0.0997,5080.61,6873.77,2026-06-09
419,2026-06-09 04:30:00+05:30,19,5980.23,YELLOW,0.6707,0.0997,5083.2,6877.27,2026-06-09
420,2026-06-09 04:45:00+05:30,20,5983.28,YELLOW,0.6708,0.0997,5085.79,6880.77,2026-06-09
421,2026-06-09 05:00:00+05:30,21,5986.33,YELLOW,0.671,0.0997,5088.38,6884.28,2026-06-09
422,2026-06-09 05:15:00+05:30,22,5989.37,YELLOW,0.6712,0.0997,5090.97,6887.78,2026-06-09
423,2026-06-09 05:30:00+05:30,23,5992.42,YELLOW,0.6713,0.0997,5093.56,6891.28,2026-06-09
424,2026-06-09 05:45:00+05:30,24,5995.46,YELLOW,0.6715,0.0997,5096.14,6894.78,2026-06-09
425,2026-06-09 06:00:00+05:30,25,5998.51,YELLOW,0.6717,0.0997,5098.73,6898.29,2026-06-09
426,2026-06-09 06:15:00+05:30,26,6001.56,RED,0.6718,0.0997,5101.32,6901.79,2026-06-09
427,2026-06-09 06:30:00+05:30,27,6004.6,RED,0.672,0.0997,5103.91,6905.29,2026-06-09
428,2026-06-09 06:45:00+05:30,28,6007.65,RED,0.6722,0.0997,5106.5,6908.79,2026-06-09
429,2026-06-09 07:00:00+05:30,29,6010.69,RED,0.6723,0.0997,5109.09,6912.3,2026-06-09
430,2026-06-09 07:15:00+05:30,30,6013.74,RED,0.6725,0.0997,5111.68,6915.8,2026-06-09
431,2026-06-09 07:30:00+05:30,31,6016.78,RED,0.6727,0.0997,5114.27,6919.3,2026-06-09
432,2026-06-09 07:45:00+05:30,32,6019.83,RED,0.6728,0.0997,5116.86,6922.8,2026-06-09
433,2026-06-09 08:00:00+05:30,33,6022.88,RED,0.7017,0.0997,5119.44,6926.31,2026-06-09
434,2026-06-09 08:15:00+05:30,34,6025.92,RED,0.702,0.0997,5122.03,6929.81,2026-06-09
435,2026-06-09 08:30:00+05:30,35,6028.97,RED,0.7022,0.0997,5124.62,6933.31,2026-06-09
436,2026-06-09 08:45:00+05:30,36,6032.01,RED,0.7024,0.0997,5127.21,6936.82,2026-06-09
437,2026-06-09 09:00:00+05:30,37,6035.06,RED,0.7026,0.0997,5129.8,6940.32,2026-06-09
438,2026-06-09 09:15:00+05:30,38,6038.1,RED,0.7029,0.0997,5132.39,6943.82,2026-06-09
439,2026-06-09 09:30:00+05:30,39,6041.15,RED,0.7031,0.0997,5134.98,6947.32,2026-06-09
440,2026-06-09 09:45:00+05:30,40,6044.2,RED,0.7033,0.0997,5137.57,6950.83,2026-06-09
441,2026-06-09 10:00:00+05:30,41,6047.24,RED,0.7035,0.0997,5140.16,6954.33,2026-06-09
442,2026-06-09 10:15:00+05:30,42,6050.29,RED,0.7038,0.0997,5142.74,6957.83,2026-06-09
443,2026-06-09 10:30:00+05:30,43,6053.33,RED,0.704,0.0997,5145.33,6961.33,2026-06-09
444,2026-06-09 10:45:00+05:30,44,6056.38,RED,0.7042,0.0997,5147.92,6964.84,2026-06-09
445,2026-06-09 11:00:00+05:30,45,6059.43,RED,0.7044,0.0997,5150.51,6968.34,2026-06-09
446,2026-06-09 11:15:00+05:30,46,6062.47,RED,0.7047,0.0997,5153.1,6971.84,2026-06-09
447,2026-06-09 11:30:00+05:30,47,6065.52,RED,0.7049,0.0997,5155.69,6975.34,2026-06-09
448,2026-06-09 11:45:00+05:30,48,6068.56,RED,0.7051,0.0997,5158.28,6978.85,2026-06-09
449,2026-06-09 12:00:00+05:30,49,6071.61,RED,0.7053,0.0997,5160.87,6982.35,2026-06-09
450,2026-06-09 12:15:00+05:30,50,6074.65,RED,0.7056,0.0997,5163.46,6985.85,2026-06-09
451,2026-06-09 12:30:00+05:30,51,6077.7,RED,0.7058,0.0997,5166.05,6989.36,2026-06-09
452,2026-06-09 12:45:00+05:30,52,6080.75,RED,0.706,0.0997,5168.63,6992.86,2026-06-09
453,2026-06-09 13:00:00+05:30,53,6083.79,RED,0.7062,0.0997,5171.22,6996.36,2026-06-09
454,2026-06-09 13:15:00+05:30,54,6086.84,RED,0.7065,0.0997,5173.81,6999.86,2026-06-09
455,2026-06-09 13:30:00+05:30,55,6089.88,RED,0.7067,0.0997,5176.4,7003.37,2026-06-09
456,2026-06-09 13:45:00+05:30,56,6092.93,RED,0.7069,0.0997,5178.99,7006.87,2026-06-09
457,2026-06-09 14:00:00+05:30,57,6095.97,RED,0.7071,0.0997,5181.58,7010.37,2026-06-09
458,2026-06-09 14:15:00+05:30,58,6099.02,RED,0.7073,0.0997,5184.17,7013.87,2026-06-09
459,2026-06-09 14:30:00+05:30,59,6102.07,RED,0.7076,0.0997,5186.76,7017.38,2026-06-09
460,2026-06-09 14:45:00+05:30,60,6105.11,RED,0.7078,0.0997,5189.35,7020.88,2026-06-09
461,2026-06-09 15:00:00+05:30,61,6108.16,RED,0.5233,0.0997,5191.93,7024.38,2026-06-09
462,2026-06-09 15:15:00+05:30,62,6111.2,RED,0.5235,0.0997,5194.52,7027.88,2026-06-09
463,2026-06-09 15:30:00+05:30,63,6114.25,RED,0.5236,0.0997,5197.11,7031.39,2026-06-09
464,2026-06-09 15:45:00+05:30,64,6117.3,RED,0.5238,0.0997,5199.7,7034.89,2026-06-09
465,2026-06-09 16:00:00+05:30,65,6120.34,RED,0.524,0.0997,5202.29,7038.39,2026-06-09
466,2026-06-09 16:15:00+05:30,66,6123.39,RED,0.5241,0.0997,5204.88,7041.89,2026-06-09
467,2026-06-09 16:30:00+05:30,67,6126.43,RED,0.5243,0.0997,5207.47,7045.4,2026-06-09
468,2026-06-09 16:45:00+05:30,68,6129.48,RED,0.4627,0.0997,5210.06,7048.9,2026-06-09
469,2026-06-09 17:00:00+05:30,69,6132.52,RED,0.4629,0.0997,5212.65,7052.4,2026-06-09
470,2026-06-09 17:15:00+05:30,70,6135.57,RED,0.463,0.0997,5215.23,7055.91,2026-06-09
471,2026-06-09 17:30:00+05:30,71,6138.62,RED,0.4632,0.0997,5217.82,7059.41,2026-06-09
472,2026-06-09 17:45:00+05:30,72,6141.66,RED,0.4633,0.0997,5220.41,7062.91,2026-06-09
473,2026-06-09 18:00:00+05:30,73,6144.71,RED,0.4635,0.0997,5223.0,7066.41,2026-06-09
474,2026-06-09 18:15:00+05:30,74,6147.75,RED,0.4636,0.0997,5225.59,7069.92,2026-06-09
475,2026-06-09 18:30:00+05:30,75,6150.8,RED,0.4637,0.0997,5228.18,7073.42,2026-06-09
476,2026-06-09 18:45:00+05:30,76,6153.84,RED,0.4639,0.0997,5230.77,7076.92,2026-06-09
477,2026-06-09 19:00:00+05:30,77,6156.89,RED,0.464,0.0997,5233.36,7080.42,2026-06-09
478,2026-06-09 19:15:00+05:30,78,6159.94,RED,0.4642,0.0997,5235.95,7083.93,2026-06-09
479,2026-06-09 19:30:00+05:30,79,6162.98,RED,0.4643,0.0997,5238.53,7087.43,2026-06-09
480,2026-06-09 19:45:00+05:30,80,6166.03,RED,0.4644,0.0997,5241.12,7090.93,2026-06-09
481,2026-06-09 20:00:00+05:30,81,6169.07,RED,0.4646,0.0997,5243.71,7094.43,2026-06-09
482,2026-06-09 20:15:00+05:30,82,6172.12,RED,0.4647,0.0997,5246.3,7097.94,2026-06-09
483,2026-06-09 20:30:00+05:30,83,6175.17,RED,0.4649,0.0997,5248.89,7101.44,2026-06-09
484,2026-06-09 20:45:00+05:30,84,6178.21,RED,0.465,0.0997,5251.48,7104.94,2026-06-09
485,2026-06-09 21:00:00+05:30,85,6181.26,RED,0.4651,0.0997,5254.07,7108.45,2026-06-09
486,2026-06-09 21:15:00+05:30,86,6184.3,RED,0.4653,0.0997,5256.66,7111.95,2026-06-09
487,2026-06-09 21:30:00+05:30,87,6187.35,RED,0.4654,0.0997,5259.25,7115.45,2026-06-09
488,2026-06-09 21:45:00+05:30,88,6190.39,RED,0.4656,0.0997,5261.84,7118.95,2026-06-09
489,2026-06-09 22:00:00+05:30,89,6193.44,RED,0.6209,0.0997,5264.42,7122.46,2026-06-09
490,2026-06-09 22:15:00+05:30,90,6196.49,RED,0.6211,0.0997,5267.01,7125.96,2026-06-09
491,2026-06-09 22:30:00+05:30,91,6199.53,RED,0.6213,0.0997,5269.6,7129.46,2026-06-09
492,2026-06-09 22:45:00+05:30,92,6202.58,RED,0.6215,0.0997,5272.19,7132.96,2026-06-09
493,2026-06-09 23:00:00+05:30,93,6205.62,RED,0.6217,0.0997,5274.78,7136.47,2026-06-09
494,2026-06-09 23:15:00+05:30,94,6208.67,RED,0.6219,0.0997,5277.37,7139.97,2026-06-09
495,2026-06-09 23:30:00+05:30,95,6211.71,RED,0.6221,0.0997,5279.96,7143.47,2026-06-09
496,2026-06-09 23:45:00+05:30,96,6214.76,RED,0.6222,0.0997,5282.55,7146.97,2026-06-09
497,2026-06-10 00:00:00+05:30,1,6217.81,RED,0.6224,0.0997,5285.14,7150.48,2026-06-10
498,2026-06-10 00:15:00+05:30,2,6220.85,RED,0.6226,0.0997,5287.72,7153.98,2026-06-10
499,2026-06-10 00:30:00+05:30,3,6223.9,RED,0.6228,0.0997,5290.31,7157.48,2026-06-10
500,2026-06-10 00:45:00+05:30,4,6226.94,RED,0.623,0.0997,5292.9,7160.99,2026-06-10
501,2026-06-10 01:00:00+05:30,5,6229.99,RED,0.6232,0.0997,5295.49,7164.49,2026-06-10
502,2026-06-10 01:15:00+05:30,6,6233.04,RED,0.6234,0.0997,5298.08,7167.99,2026-06-10
503,2026-06-10 01:30:00+05:30,7,6236.08,RED,0.6235,0.0997,5300.67,7171.49,2026-06-10
504,2026-06-10 01:45:00+05:30,8,6239.13,RED,0.6237,0.0997,5303.26,7175.0,2026-06-10
505,2026-06-10 02:00:00+05:30,9,6242.17,RED,0.6239,0.0997,5305.85,7178.5,2026-06-10
506,2026-06-10 02:15:00+05:30,10,6245.22,RED,0.6241,0.0997,5308.44,7182.0,2026-06-10
507,2026-06-10 02:30:00+05:30,11,6248.26,RED,0.6243,0.0997,5311.02,7185.5,2026-06-10
508,2026-06-10 02:45:00+05:30,12,6251.31,RED,0.6245,0.0997,5313.61,7189.01,2026-06-10
509,2026-06-10 03:00:00+05:30,13,6254.36,RED,0.6246,0.0997,5316.2,7192.51,2026-06-10
510,2026-06-10 03:15:00+05:30,14,6257.4,RED,0.6248,0.0997,5318.79,7196.01,2026-06-10
511,2026-06-10 03:30:00+05:30,15,6260.45,RED,0.625,0.0997,5321.38,7199.51,2026-06-10
512,2026-06-10 03:45:00+05:30,16,6263.49,RED,0.6252,0.0997,5323.97,7203.02,2026-06-10
513,2026-06-10 04:00:00+05:30,17,6266.54,RED,0.6254,0.0997,5326.56,7206.52,2026-06-10
514,2026-06-10 04:15:00+05:30,18,6269.58,RED,0.6255,0.0997,5329.15,7210.02,2026-06-10
515,2026-06-10 04:30:00+05:30,19,6272.63,RED,0.6257,0.0997,5331.74,7213.53,2026-06-10
516,2026-06-10 04:45:00+05:30,20,6275.68,RED,0.6259,0.0997,5334.32,7217.03,2026-06-10
517,2026-06-10 05:00:00+05:30,21,6278.72,RED,0.6261,0.0997,5336.91,7220.53,2026-06-10
518,2026-06-10 05:15:00+05:30,22,6281.77,RED,0.6263,0.0997,5339.5,7224.03,2026-06-10
519,2026-06-10 05:30:00+05:30,23,6284.81,RED,0.6265,0.0997,5342.09,7227.54,2026-06-10
520,2026-06-10 05:45:00+05:30,24,6287.86,RED,0.6266,0.0997,5344.68,7231.04,2026-06-10
521,2026-06-10 06:00:00+05:30,25,6290.91,RED,0.6268,0.0997,5347.27,7234.54,2026-06-10
522,2026-06-10 06:15:00+05:30,26,6293.95,RED,0.627,0.0997,5349.86,7238.04,2026-06-10
523,2026-06-10 06:30:00+05:30,27,6297.0,RED,0.6272,0.0997,5352.45,7241.55,2026-06-10
524,2026-06-10 06:45:00+05:30,28,6300.04,RED,0.6274,0.0997,5355.04,7245.05,2026-06-10
525,2026-06-10 07:00:00+05:30,29,6303.09,RED,0.6275,0.0997,5357.63,7248.55,2026-06-10
526,2026-06-10 07:15:00+05:30,30,6306.13,RED,0.6277,0.0997,5360.21,7252.05,2026-06-10
527,2026-06-10 07:30:00+05:30,31,6309.18,RED,0.6279,0.0997,5362.8,7255.56,2026-06-10
528,2026-06-10 07:45:00+05:30,32,6312.23,RED,0.6281,0.0997,5365.39,7259.06,2026-06-10
529,2026-06-10 08:00:00+05:30,33,6315.27,RED,0.7225,0.0997,5367.98,7262.56,2026-06-10
530,2026-06-10 08:15:00+05:30,34,6318.32,RED,0.7227,0.0997,5370.57,7266.07,2026-06-10
531,2026-06-10 08:30:00+05:30,35,6321.36,RED,0.7229,0.0997,5373.16,7269.57,2026-06-10
532,2026-06-10 08:45:00+05:30,36,6324.41,RED,0.7231,0.0997,5375.75,7273.07,2026-06-10
533,2026-06-10 09:00:00+05:30,37,6327.45,RED,0.7233,0.0997,5378.34,7276.57,2026-06-10
534,2026-06-10 09:15:00+05:30,38,6330.5,RED,0.7235,0.0997,5380.93,7280.08,2026-06-10
535,2026-06-10 09:30:00+05:30,39,6333.55,RED,0.7237,0.0997,5383.51,7283.58,2026-06-10
536,2026-06-10 09:45:00+05:30,40,6336.59,RED,0.7239,0.0997,5386.1,7287.08,2026-06-10
537,2026-06-10 10:00:00+05:30,41,6339.64,RED,0.7241,0.0997,5388.69,7290.58,2026-06-10
538,2026-06-10 10:15:00+05:30,42,6342.68,RED,0.7243,0.0997,5391.28,7294.09,2026-06-10
539,2026-06-10 10:30:00+05:30,43,6345.73,RED,0.7245,0.0997,5393.87,7297.59,2026-06-10
540,2026-06-10 10:45:00+05:30,44,6348.78,RED,0.7248,0.0997,5396.46,7301.09,2026-06-10
541,2026-06-10 11:00:00+05:30,45,6351.82,RED,0.725,0.0997,5399.05,7304.59,2026-06-10
542,2026-06-10 11:15:00+05:30,46,6354.87,RED,0.7252,0.0997,5401.64,7308.1,2026-06-10
543,2026-06-10 11:30:00+05:30,47,6357.91,RED,0.7254,0.0997,5404.23,7311.6,2026-06-10
544,2026-06-10 11:45:00+05:30,48,6360.96,RED,0.7256,0.0997,5406.81,7315.1,2026-06-10
545,2026-06-10 12:00:00+05:30,49,6364.0,RED,0.7258,0.0997,5409.4,7318.6,2026-06-10
546,2026-06-10 12:15:00+05:30,50,6367.05,RED,0.726,0.0997,5411.99,7322.11,2026-06-10
547,2026-06-10 12:30:00+05:30,51,6370.1,RED,0.7262,0.0997,5414.58,7325.61,2026-06-10
548,2026-06-10 12:45:00+05:30,52,6373.14,RED,0.7264,0.0997,5417.17,7329.11,2026-06-10
549,2026-06-10 13:00:00+05:30,53,6376.19,RED,0.7266,0.0997,5419.76,7332.62,2026-06-10
550,2026-06-10 13:15:00+05:30,54,6379.23,RED,0.7268,0.0997,5422.35,7336.12,2026-06-10
551,2026-06-10 13:30:00+05:30,55,6382.28,RED,0.727,0.0997,5424.94,7339.62,2026-06-10
552,2026-06-10 13:45:00+05:30,56,6385.32,RED,0.7272,0.0997,5427.53,7343.12,2026-06-10
553,2026-06-10 14:00:00+05:30,57,6388.37,RED,0.7274,0.0997,5430.12,7346.63,2026-06-10
554,2026-06-10 14:15:00+05:30,58,6391.42,RED,0.7276,0.0997,5432.7,7350.13,2026-06-10
555,2026-06-10 14:30:00+05:30,59,6394.46,RED,0.7278,0.0997,5435.29,7353.63,2026-06-10
556,2026-06-10 14:45:00+05:30,60,6397.51,RED,0.728,0.0997,5437.88,7357.13,2026-06-10
557,2026-06-10 15:00:00+05:30,61,6400.55,RED,0.5382,0.0997,5440.47,7360.64,2026-06-10
558,2026-06-10 15:15:00+05:30,62,6403.6,RED,0.5384,0.0997,5443.06,7364.14,2026-06-10
559,2026-06-10 15:30:00+05:30,63,6406.65,RED,0.5385,0.0997,5445.65,7367.64,2026-06-10
560,2026-06-10 15:45:00+05:30,64,6409.69,RED,0.5387,0.0997,5448.24,7371.14,2026-06-10
561,2026-06-10 16:00:00+05:30,65,6412.74,RED,0.5388,0.0997,5450.83,7374.65,2026-06-10
562,2026-06-10 16:15:00+05:30,66,6415.78,RED,0.539,0.0997,5453.42,7378.15,2026-06-10
563,2026-06-10 16:30:00+05:30,67,6418.83,RED,0.5391,0.0997,5456.0,7381.65,2026-06-10
564,2026-06-10 16:45:00+05:30,68,6421.87,RED,0.4758,0.0997,5458.59,7385.16,2026-06-10
565,2026-06-10 17:00:00+05:30,69,6424.92,RED,0.476,0.0997,5461.18,7388.66,2026-06-10
566,2026-06-10 17:15:00+05:30,70,6427.97,RED,0.4761,0.0997,5463.77,7392.16,2026-06-10
567,2026-06-10 17:30:00+05:30,71,6431.01,RED,0.4762,0.0997,5466.36,7395.66,2026-06-10
568,2026-06-10 17:45:00+05:30,72,6434.06,RED,0.4763,0.0997,5468.95,7399.17,2026-06-10
569,2026-06-10 18:00:00+05:30,73,6437.1,RED,0.4765,0.0997,5471.54,7402.67,2026-06-10
570,2026-06-10 18:15:00+05:30,74,6440.15,RED,0.4766,0.0997,5474.13,7406.17,2026-06-10
571,2026-06-10 18:30:00+05:30,75,6443.19,RED,0.4767,0.0997,5476.72,7409.67,2026-06-10
572,2026-06-10 18:45:00+05:30,76,6446.24,RED,0.4769,0.0997,5479.3,7413.18,2026-06-10
573,2026-06-10 19:00:00+05:30,77,6449.29,RED,0.477,0.0997,5481.89,7416.68,2026-06-10
574,2026-06-10 19:15:00+05:30,78,6452.33,RED,0.4771,0.0997,5484.48,7420.18,2026-06-10
575,2026-06-10 19:30:00+05:30,79,6455.38,RED,0.4772,0.0997,5487.07,7423.68,2026-06-10
576,2026-06-10 19:45:00+05:30,80,6458.42,RED,0.4774,0.0997,5489.66,7427.19,2026-06-10
577,2026-06-10 20:00:00+05:30,81,6461.47,RED,0.4775,0.0997,5492.25,7430.69,2026-06-10
578,2026-06-10 20:15:00+05:30,82,6464.52,RED,0.4776,0.0997,5494.84,7434.19,2026-06-10
579,2026-06-10 20:30:00+05:30,83,6467.56,RED,0.4778,0.0997,5497.43,7437.7,2026-06-10
580,2026-06-10 20:45:00+05:30,84,6470.61,RED,0.4779,0.0997,5500.02,7441.2,2026-06-10
581,2026-06-10 21:00:00+05:30,85,6473.65,RED,0.478,0.0997,5502.6,7444.7,2026-06-10
582,2026-06-10 21:15:00+05:30,86,6476.7,RED,0.4781,0.0997,5505.19,7448.2,2026-06-10
583,2026-06-10 21:30:00+05:30,87,6479.74,RED,0.4783,0.0997,5507.78,7451.71,2026-06-10
584,2026-06-10 21:45:00+05:30,88,6482.79,RED,0.4784,0.0997,5510.37,7455.21,2026-06-10
585,2026-06-10 22:00:00+05:30,89,6485.84,RED,0.638,0.0997,5512.96,7458.71,2026-06-10
586,2026-06-10 22:15:00+05:30,90,6488.88,RED,0.6382,0.0997,5515.55,7462.21,2026-06-10
587,2026-06-10 22:30:00+05:30,91,6491.93,RED,0.6384,0.0997,5518.14,7465.72,2026-06-10
588,2026-06-10 22:45:00+05:30,92,6494.97,RED,0.6385,0.0997,5520.73,7469.22,2026-06-10
589,2026-06-10 23:00:00+05:30,93,6498.02,RED,0.6387,0.0997,5523.32,7472.72,2026-06-10
590,2026-06-10 23:15:00+05:30,94,6501.06,RED,0.6389,0.0997,5525.91,7476.22,2026-06-10
591,2026-06-10 23:30:00+05:30,95,6504.11,RED,0.6391,0.0997,5528.49,7479.73,2026-06-10
592,2026-06-10 23:45:00+05:30,96,6507.16,RED,0.6392,0.0997,5531.08,7483.23,2026-06-10
593,2026-06-11 00:00:00+05:30,1,6510.2,RED,0.6394,0.0997,5533.67,7486.73,2026-06-11
594,2026-06-11 00:15:00+05:30,2,6513.25,RED,0.6396,0.0997,5536.26,7490.24,2026-06-11
595,2026-06-11 00:30:00+05:30,3,6516.29,RED,0.6397,0.0997,5538.85,7493.74,2026-06-11
596,2026-06-11 00:45:00+05:30,4,6519.34,RED,0.6399,0.0997,5541.44,7497.24,2026-06-11
597,2026-06-11 01:00:00+05:30,5,6522.39,RED,0.6401,0.0997,5544.03,7500.74,2026-06-11
598,2026-06-11 01:15:00+05:30,6,6525.43,RED,0.6402,0.0997,5546.62,7504.25,2026-06-11
599,2026-06-11 01:30:00+05:30,7,6528.48,RED,0.6404,0.0997,5549.21,7507.75,2026-06-11
600,2026-06-11 01:45:00+05:30,8,6531.52,RED,0.6406,0.0997,5551.79,7511.25,2026-06-11
601,2026-06-11 02:00:00+05:30,9,6534.57,RED,0.6407,0.0997,5554.38,7514.75,2026-06-11
602,2026-06-11 02:15:00+05:30,10,6537.61,RED,0.6409,0.0997,5556.97,7518.26,2026-06-11
603,2026-06-11 02:30:00+05:30,11,6540.66,RED,0.6411,0.0997,5559.56,7521.76,2026-06-11
604,2026-06-11 02:45:00+05:30,12,6543.71,RED,0.6412,0.0997,5562.15,7525.26,2026-06-11
605,2026-06-11 03:00:00+05:30,13,6546.75,RED,0.6414,0.0997,5564.74,7528.76,2026-06-11
606,2026-06-11 03:15:00+05:30,14,6549.8,RED,0.6416,0.0997,5567.33,7532.27,2026-06-11
607,2026-06-11 03:30:00+05:30,15,6552.84,RED,0.6417,0.0997,5569.92,7535.77,2026-06-11
608,2026-06-11 03:45:00+05:30,16,6555.89,RED,0.6419,0.0997,5572.51,7539.27,2026-06-11
609,2026-06-11 04:00:00+05:30,17,6558.93,RED,0.6421,0.0997,5575.09,7542.78,2026-06-11
610,2026-06-11 04:15:00+05:30,18,6561.98,RED,0.6422,0.0997,5577.68,7546.28,2026-06-11
611,2026-06-11 04:30:00+05:30,19,6565.03,RED,0.6424,0.0997,5580.27,7549.78,2026-06-11
612,2026-06-11 04:45:00+05:30,20,6568.07,RED,0.6426,0.0997,5582.86,7553.28,2026-06-11
613,2026-06-11 05:00:00+05:30,21,6571.12,RED,0.6427,0.0997,5585.45,7556.79,2026-06-11
614,2026-06-11 05:15:00+05:30,22,6574.16,RED,0.6429,0.0997,5588.04,7560.29,2026-06-11
615,2026-06-11 05:30:00+05:30,23,6577.21,RED,0.6431,0.0997,5590.63,7563.79,2026-06-11
616,2026-06-11 05:45:00+05:30,24,6580.26,RED,0.6432,0.0997,5593.22,7567.29,2026-06-11
617,2026-06-11 06:00:00+05:30,25,6583.3,RED,0.6434,0.0997,5595.81,7570.8,2026-06-11
618,2026-06-11 06:15:00+05:30,26,6586.35,RED,0.6436,0.0997,5598.39,7574.3,2026-06-11
619,2026-06-11 06:30:00+05:30,27,6589.39,RED,0.6437,0.0997,5600.98,7577.8,2026-06-11
620,2026-06-11 06:45:00+05:30,28,6592.44,RED,0.6439,0.0997,5603.57,7581.3,2026-06-11
621,2026-06-11 07:00:00+05:30,29,6595.48,RED,0.6441,0.0997,5606.16,7584.81,2026-06-11
622,2026-06-11 07:15:00+05:30,30,6598.53,RED,0.6442,0.0997,5608.75,7588.31,2026-06-11
623,2026-06-11 07:30:00+05:30,31,6601.58,RED,0.6444,0.0997,5611.34,7591.81,2026-06-11
624,2026-06-11 07:45:00+05:30,32,6604.62,RED,0.6445,0.0997,5613.93,7595.31,2026-06-11
625,2026-06-11 08:00:00+05:30,33,6607.67,RED,0.7414,0.0997,5616.52,7598.82,2026-06-11
626,2026-06-11 08:15:00+05:30,34,6610.71,RED,0.7416,0.0997,5619.11,7602.32,2026-06-11
627,2026-06-11 08:30:00+05:30,35,6613.76,RED,0.7418,0.0997,5621.7,7605.82,2026-06-11
628,2026-06-11 08:45:00+05:30,36,6616.8,RED,0.742,0.0997,5624.28,7609.33,2026-06-11
629,2026-06-11 09:00:00+05:30,37,6619.85,RED,0.7422,0.0997,5626.87,7612.83,2026-06-11
630,2026-06-11 09:15:00+05:30,38,6622.9,RED,0.7424,0.0997,5629.46,7616.33,2026-06-11
631,2026-06-11 09:30:00+05:30,39,6625.94,RED,0.7425,0.0997,5632.05,7619.83,2026-06-11
632,2026-06-11 09:45:00+05:30,40,6628.99,RED,0.7427,0.0997,5634.64,7623.34,2026-06-11
633,2026-06-11 10:00:00+05:30,41,6632.03,RED,0.7429,0.0997,5637.23,7626.84,2026-06-11
634,2026-06-11 10:15:00+05:30,42,6635.08,RED,0.7431,0.0997,5639.82,7630.34,2026-06-11
635,2026-06-11 10:30:00+05:30,43,6638.13,RED,0.7433,0.0997,5642.41,7633.84,2026-06-11
636,2026-06-11 10:45:00+05:30,44,6641.17,RED,0.7435,0.0997,5645.0,7637.35,2026-06-11
637,2026-06-11 11:00:00+05:30,45,6644.22,RED,0.7437,0.0997,5647.58,7640.85,2026-06-11
638,2026-06-11 11:15:00+05:30,46,6647.26,RED,0.7438,0.0997,5650.17,7644.35,2026-06-11
639,2026-06-11 11:30:00+05:30,47,6650.31,RED,0.744,0.0997,5652.76,7647.85,2026-06-11
640,2026-06-11 11:45:00+05:30,48,6653.35,RED,0.7442,0.0997,5655.35,7651.36,2026-06-11
641,2026-06-11 12:00:00+05:30,49,6656.4,RED,0.7444,0.0997,5657.94,7654.86,2026-06-11
642,2026-06-11 12:15:00+05:30,50,6659.45,RED,0.7446,0.0997,5660.53,7658.36,2026-06-11
643,2026-06-11 12:30:00+05:30,51,6662.49,RED,0.7448,0.0997,5663.12,7661.87,2026-06-11
644,2026-06-11 12:45:00+05:30,52,6665.54,RED,0.745,0.0997,5665.71,7665.37,2026-06-11
645,2026-06-11 13:00:00+05:30,53,6668.58,RED,0.7451,0.0997,5668.3,7668.87,2026-06-11
646,2026-06-11 13:15:00+05:30,54,6671.63,RED,0.7453,0.0997,5670.88,7672.37,2026-06-11
647,2026-06-11 13:30:00+05:30,55,6674.67,RED,0.7455,0.0997,5673.47,7675.88,2026-06-11
648,2026-06-11 13:45:00+05:30,56,6677.72,RED,0.7457,0.0997,5676.06,7679.38,2026-06-11
649,2026-06-11 14:00:00+05:30,57,6680.77,RED,0.7459,0.0997,5678.65,7682.88,2026-06-11
650,2026-06-11 14:15:00+05:30,58,6683.81,RED,0.7461,0.0997,5681.24,7686.38,2026-06-11
651,2026-06-11 14:30:00+05:30,59,6686.86,RED,0.7463,0.0997,5683.83,7689.89,2026-06-11
652,2026-06-11 14:45:00+05:30,60,6689.9,RED,0.7464,0.0997,5686.42,7693.39,2026-06-11
653,2026-06-11 15:00:00+05:30,61,6692.95,RED,0.5518,0.0997,5689.01,7696.89,2026-06-11
654,2026-06-11 15:15:00+05:30,62,6696.0,RED,0.552,0.0997,5691.6,7700.39,2026-06-11
655,2026-06-11 15:30:00+05:30,63,6699.04,RED,0.5521,0.0997,5694.18,7703.9,2026-06-11
656,2026-06-11 15:45:00+05:30,64,6702.09,RED,0.5523,0.0997,5696.77,7707.4,2026-06-11
657,2026-06-11 16:00:00+05:30,65,6705.13,RED,0.5524,0.0997,5699.36,7710.9,2026-06-11
658,2026-06-11 16:15:00+05:30,66,6708.18,RED,0.5525,0.0997,5701.95,7714.41,2026-06-11
659,2026-06-11 16:30:00+05:30,67,6711.22,RED,0.5527,0.0997,5704.54,7717.91,2026-06-11
660,2026-06-11 16:45:00+05:30,68,6714.27,RED,0.4878,0.0997,5707.13,7721.41,2026-06-11
661,2026-06-11 17:00:00+05:30,69,6717.32,RED,0.4879,0.0997,5709.72,7724.91,2026-06-11
662,2026-06-11 17:15:00+05:30,70,6720.36,RED,0.488,0.0997,5712.31,7728.42,2026-06-11
663,2026-06-11 17:30:00+05:30,71,6723.41,RED,0.4881,0.0997,5714.9,7731.92,2026-06-11
664,2026-06-11 17:45:00+05:30,72,6726.45,RED,0.4882,0.0997,5717.49,7735.42,2026-06-11
665,2026-06-11 18:00:00+05:30,73,6729.5,RED,0.4884,0.0997,5720.07,7738.92,2026-06-11
666,2026-06-11 18:15:00+05:30,74,6732.54,RED,0.4885,0.0997,5722.66,7742.43,2026-06-11
667,2026-06-11 18:30:00+05:30,75,6735.59,RED,0.4886,0.0997,5725.25,7745.93,2026-06-11
668,2026-06-11 18:45:00+05:30,76,6738.64,RED,0.4887,0.0997,5727.84,7749.43,2026-06-11
669,2026-06-11 19:00:00+05:30,77,6741.68,RED,0.4888,0.0997,5730.43,7752.93,2026-06-11
670,2026-06-11 19:15:00+05:30,78,6744.73,RED,0.4889,0.0997,5733.02,7756.44,2026-06-11
671,2026-06-11 19:30:00+05:30,79,6747.77,RED,0.4891,0.0997,5735.61,7759.94,2026-06-11
672,2026-06-11 19:45:00+05:30,80,6750.82,RED,0.4892,0.0997,5738.2,7763.44,2026-06-11
