block_timestamp,block_number,day_of_week,mcp,lower_bound,upper_bound,zone,date
2026-06-08T00:00:00+05:30,1,Monday,7388.13,5840.48,8935.77,RED,2026-06-08
2026-06-08T00:15:00+05:30,2,Monday,7254.18,5663.73,8844.63,RED,2026-06-08
2026-06-08T00:30:00+05:30,3,Monday,6964.95,5391.58,8538.32,YELLOW,2026-06-08
2026-06-08T00:45:00+05:30,4,Monday,6729.49,5103.06,8355.92,YELLOW,2026-06-08
2026-06-08T01:00:00+05:30,5,Monday,6534.67,4951.06,8118.27,YELLOW,2026-06-08
2026-06-08T01:15:00+05:30,6,Monday,6452.42,4828.82,8076.03,YELLOW,2026-06-08
2026-06-08T01:30:00+05:30,7,Monday,6497.03,4902.56,8091.49,YELLOW,2026-06-08
2026-06-08T01:45:00+05:30,8,Monday,6297.97,4728.18,7867.77,YELLOW,2026-06-08
2026-06-08T02:00:00+05:30,9,Monday,5967.57,4474.44,7460.69,YELLOW,2026-06-08
2026-06-08T02:15:00+05:30,10,Monday,5778.13,4314.67,7241.6,YELLOW,2026-06-08
2026-06-08T02:30:00+05:30,11,Monday,5294.37,4045.15,6543.59,YELLOW,2026-06-08
2026-06-08T02:45:00+05:30,12,Monday,5210.36,3963.77,6456.95,YELLOW,2026-06-08
2026-06-08T03:00:00+05:30,13,Monday,4934.15,3755.65,6112.64,YELLOW,2026-06-08
2026-06-08T03:15:00+05:30,14,Monday,4901.89,3734.86,6068.92,YELLOW,2026-06-08
2026-06-08T03:30:00+05:30,15,Monday,4712.84,3613.92,5811.75,YELLOW,2026-06-08
2026-06-08T03:45:00+05:30,16,Monday,4644.34,3517.82,5770.86,YELLOW,2026-06-08
2026-06-08T04:00:00+05:30,17,Monday,4344.96,3244.15,5445.77,YELLOW,2026-06-08
2026-06-08T04:15:00+05:30,18,Monday,4327.07,3242.17,5411.96,YELLOW,2026-06-08
2026-06-08T04:30:00+05:30,19,Monday,4385.79,3309.63,5461.95,YELLOW,2026-06-08
2026-06-08T04:45:00+05:30,20,Monday,4364.17,3319.86,5408.49,YELLOW,2026-06-08
2026-06-08T05:00:00+05:30,21,Monday,4056.03,3041.36,5070.71,YELLOW,2026-06-08
2026-06-08T05:15:00+05:30,22,Monday,4434.31,3292.58,5576.04,YELLOW,2026-06-08
2026-06-08T05:30:00+05:30,23,Monday,4415.83,3278.84,5552.81,YELLOW,2026-06-08
2026-06-08T05:45:00+05:30,24,Monday,4316.34,3187.72,5444.96,YELLOW,2026-06-08
2026-06-08T06:00:00+05:30,25,Monday,4307.89,3319.35,5296.43,YELLOW,2026-06-08
2026-06-08T06:15:00+05:30,26,Monday,4291.41,3303.83,5278.98,YELLOW,2026-06-08
2026-06-08T06:30:00+05:30,27,Monday,3894.55,2975.55,4813.55,GREEN,2026-06-08
2026-06-08T06:45:00+05:30,28,Monday,3507.41,2569.66,4445.16,GREEN,2026-06-08
2026-06-08T07:00:00+05:30,29,Monday,3108.45,2316.97,3899.94,GREEN,2026-06-08
2026-06-08T07:15:00+05:30,30,Monday,2656.58,2164.64,3148.51,GREEN,2026-06-08
2026-06-08T07:30:00+05:30,31,Monday,2709.36,2299.75,3118.97,GREEN,2026-06-08
2026-06-08T07:45:00+05:30,32,Monday,2365.46,1994.78,2736.13,GREEN,2026-06-08
2026-06-08T08:00:00+05:30,33,Monday,1585.39,1201.28,1969.5,GREEN,2026-06-08
2026-06-08T08:15:00+05:30,34,Monday,1608.75,1239.3,1978.19,GREEN,2026-06-08
2026-06-08T08:30:00+05:30,35,Monday,1559.68,1172.37,1946.99,GREEN,2026-06-08
2026-06-08T08:45:00+05:30,36,Monday,1521.61,1116.08,1927.14,GREEN,2026-06-08
2026-06-08T09:00:00+05:30,37,Monday,1527.4,1111.61,1943.19,GREEN,2026-06-08
2026-06-08T09:15:00+05:30,38,Monday,1534.29,1101.19,1967.4,GREEN,2026-06-08
2026-06-08T09:30:00+05:30,39,Monday,1549.26,1135.08,1963.44,GREEN,2026-06-08
2026-06-08T09:45:00+05:30,40,Monday,1516.82,1113.88,1919.76,GREEN,2026-06-08
2026-06-08T10:00:00+05:30,41,Monday,1412.13,983.42,1840.85,GREEN,2026-06-08
2026-06-08T10:15:00+05:30,42,Monday,1430.32,1000.55,1860.1,GREEN,2026-06-08
2026-06-08T10:30:00+05:30,43,Monday,1521.64,1056.94,1986.34,GREEN,2026-06-08
2026-06-08T10:45:00+05:30,44,Monday,1496.03,1021.78,1970.28,GREEN,2026-06-08
2026-06-08T11:00:00+05:30,45,Monday,1483.88,1009.79,1957.98,GREEN,2026-06-08
2026-06-08T11:15:00+05:30,46,Monday,1516.3,1047.66,1984.95,GREEN,2026-06-08
2026-06-08T11:30:00+05:30,47,Monday,1492.16,1038.58,1945.73,GREEN,2026-06-08
2026-06-08T11:45:00+05:30,48,Monday,1487.24,1044.47,1930.02,GREEN,2026-06-08
2026-06-08T12:00:00+05:30,49,Monday,1475.7,987.06,1964.35,GREEN,2026-06-08
2026-06-08T12:15:00+05:30,50,Monday,1528.9,1014.22,2043.58,GREEN,2026-06-08
2026-06-08T12:30:00+05:30,51,Monday,1536.3,1065.06,2007.54,GREEN,2026-06-08
2026-06-08T12:45:00+05:30,52,Monday,1530.47,1041.5,2019.44,GREEN,2026-06-08
2026-06-08T13:00:00+05:30,53,Monday,1302.07,811.9,1792.25,GREEN,2026-06-08
2026-06-08T13:15:00+05:30,54,Monday,1384.29,876.72,1891.87,GREEN,2026-06-08
2026-06-08T13:30:00+05:30,55,Monday,1571.33,1053.14,2089.52,GREEN,2026-06-08
2026-06-08T13:45:00+05:30,56,Monday,1687.14,1179.0,2195.28,GREEN,2026-06-08
2026-06-08T14:00:00+05:30,57,Monday,1789.26,1303.11,2275.42,GREEN,2026-06-08
2026-06-08T14:15:00+05:30,58,Monday,1930.18,1416.45,2443.92,GREEN,2026-06-08
2026-06-08T14:30:00+05:30,59,Monday,1942.93,1325.21,2560.65,GREEN,2026-06-08
2026-06-08T14:45:00+05:30,60,Monday,2022.98,1354.12,2691.84,GREEN,2026-06-08
2026-06-08T15:00:00+05:30,61,Monday,3300.28,2556.87,4043.7,GREEN,2026-06-08
2026-06-08T15:15:00+05:30,62,Monday,3456.06,2748.05,4164.07,GREEN,2026-06-08
2026-06-08T15:30:00+05:30,63,Monday,3604.83,2836.74,4372.92,GREEN,2026-06-08
2026-06-08T15:45:00+05:30,64,Monday,3681.56,2887.08,4476.05,GREEN,2026-06-08
2026-06-08T16:00:00+05:30,65,Monday,3602.06,2873.92,4330.2,GREEN,2026-06-08
2026-06-08T16:15:00+05:30,66,Monday,3709.87,3007.98,4411.75,GREEN,2026-06-08
2026-06-08T16:30:00+05:30,67,Monday,3732.13,3051.27,4412.98,GREEN,2026-06-08
2026-06-08T16:45:00+05:30,68,Monday,3953.75,3270.18,4637.33,GREEN,2026-06-08
2026-06-08T17:00:00+05:30,69,Monday,3725.33,3075.03,4375.62,GREEN,2026-06-08
2026-06-08T17:15:00+05:30,70,Monday,3919.49,3231.9,4607.07,GREEN,2026-06-08
2026-06-08T17:30:00+05:30,71,Monday,3956.51,3304.75,4608.27,GREEN,2026-06-08
2026-06-08T17:45:00+05:30,72,Monday,4318.34,3656.63,4980.06,YELLOW,2026-06-08
2026-06-08T18:00:00+05:30,73,Monday,3311.53,2750.18,3872.88,GREEN,2026-06-08
2026-06-08T18:15:00+05:30,74,Monday,4316.55,3720.48,4912.62,YELLOW,2026-06-08
2026-06-08T18:30:00+05:30,75,Monday,5415.35,4602.7,6227.99,YELLOW,2026-06-08
2026-06-08T18:45:00+05:30,76,Monday,6183.1,5211.94,7154.25,YELLOW,2026-06-08
2026-06-08T19:00:00+05:30,77,Monday,6420.91,5381.79,7460.03,YELLOW,2026-06-08
2026-06-08T19:15:00+05:30,78,Monday,7279.37,6042.86,8515.87,RED,2026-06-08
2026-06-08T19:30:00+05:30,79,Monday,7250.51,5917.71,8583.31,RED,2026-06-08
2026-06-08T19:45:00+05:30,80,Monday,7487.23,6140.19,8834.26,RED,2026-06-08
2026-06-08T20:00:00+05:30,81,Monday,7463.85,6059.41,8868.3,RED,2026-06-08
2026-06-08T20:15:00+05:30,82,Monday,7655.45,6235.14,9075.76,RED,2026-06-08
2026-06-08T20:30:00+05:30,83,Monday,7600.47,6212.11,8988.82,RED,2026-06-08
2026-06-08T20:45:00+05:30,84,Monday,7661.62,6309.3,9013.95,RED,2026-06-08
2026-06-08T21:00:00+05:30,85,Monday,7707.27,6408.69,9005.86,RED,2026-06-08
2026-06-08T21:15:00+05:30,86,Monday,7965.66,6801.32,9130.01,RED,2026-06-08
2026-06-08T21:30:00+05:30,87,Monday,7686.77,6425.94,8947.6,RED,2026-06-08
2026-06-08T21:45:00+05:30,88,Monday,7712.31,6447.47,8977.15,RED,2026-06-08
2026-06-08T22:00:00+05:30,89,Monday,7706.81,6403.49,9010.14,RED,2026-06-08
2026-06-08T22:15:00+05:30,90,Monday,7823.51,6586.87,9060.16,RED,2026-06-08
2026-06-08T22:30:00+05:30,91,Monday,7929.01,6708.6,9149.42,RED,2026-06-08
2026-06-08T22:45:00+05:30,92,Monday,7976.68,6813.82,9139.55,RED,2026-06-08
2026-06-08T23:00:00+05:30,93,Monday,7791.82,6463.38,9120.25,RED,2026-06-08
2026-06-08T23:15:00+05:30,94,Monday,7787.42,6409.42,9165.42,RED,2026-06-08
2026-06-08T23:30:00+05:30,95,Monday,7530.49,6091.19,8969.8,RED,2026-06-08
2026-06-08T23:45:00+05:30,96,Monday,7383.61,5854.21,8913.01,RED,2026-06-08
2026-06-09T00:00:00+05:30,1,Tuesday,7523.98,5976.33,9071.62,RED,2026-06-09
2026-06-09T00:15:00+05:30,2,Tuesday,7408.05,5817.6,8998.5,RED,2026-06-09
2026-06-09T00:30:00+05:30,3,Tuesday,7135.0,5561.63,8708.37,RED,2026-06-09
2026-06-09T00:45:00+05:30,4,Tuesday,6890.64,5264.21,8517.07,YELLOW,2026-06-09
2026-06-09T01:00:00+05:30,5,Tuesday,6682.5,5098.9,8266.11,YELLOW,2026-06-09
2026-06-09T01:15:00+05:30,6,Tuesday,6588.29,4964.68,8211.89,YELLOW,2026-06-09
2026-06-09T01:30:00+05:30,7,Tuesday,6611.95,5017.49,8206.42,YELLOW,2026-06-09
2026-06-09T01:45:00+05:30,8,Tuesday,6415.17,4845.38,7984.97,YELLOW,2026-06-09
2026-06-09T02:00:00+05:30,9,Tuesday,6043.57,4550.44,7536.69,YELLOW,2026-06-09
2026-06-09T02:15:00+05:30,10,Tuesday,5848.18,4384.71,7311.64,YELLOW,2026-06-09
2026-06-09T02:30:00+05:30,11,Tuesday,5379.62,4130.4,6628.84,YELLOW,2026-06-09
2026-06-09T02:45:00+05:30,12,Tuesday,5291.85,4045.26,6538.44,YELLOW,2026-06-09
2026-06-09T03:00:00+05:30,13,Tuesday,5046.87,3868.38,6225.36,YELLOW,2026-06-09
2026-06-09T03:15:00+05:30,14,Tuesday,5009.26,3842.23,6176.29,YELLOW,2026-06-09
2026-06-09T03:30:00+05:30,15,Tuesday,4806.56,3707.64,5905.47,YELLOW,2026-06-09
2026-06-09T03:45:00+05:30,16,Tuesday,4739.56,3613.04,5866.07,YELLOW,2026-06-09
2026-06-09T04:00:00+05:30,17,Tuesday,4432.15,3331.34,5532.95,YELLOW,2026-06-09
2026-06-09T04:15:00+05:30,18,Tuesday,4417.86,3332.97,5502.76,YELLOW,2026-06-09
2026-06-09T04:30:00+05:30,19,Tuesday,4473.91,3397.75,5550.07,YELLOW,2026-06-09
2026-06-09T04:45:00+05:30,20,Tuesday,4445.72,3401.41,5490.04,YELLOW,2026-06-09
2026-06-09T05:00:00+05:30,21,Tuesday,4145.13,3130.45,5159.8,YELLOW,2026-06-09
2026-06-09T05:15:00+05:30,22,Tuesday,4545.85,3404.12,5687.58,YELLOW,2026-06-09
2026-06-09T05:30:00+05:30,23,Tuesday,4503.95,3366.96,5640.93,YELLOW,2026-06-09
2026-06-09T05:45:00+05:30,24,Tuesday,4419.45,3290.83,5548.07,YELLOW,2026-06-09
2026-06-09T06:00:00+05:30,25,Tuesday,4384.93,3396.39,5373.47,YELLOW,2026-06-09
2026-06-09T06:15:00+05:30,26,Tuesday,4415.1,3427.53,5402.68,YELLOW,2026-06-09
2026-06-09T06:30:00+05:30,27,Tuesday,4021.84,3102.84,4940.84,YELLOW,2026-06-09
2026-06-09T06:45:00+05:30,28,Tuesday,3639.59,2701.84,4577.33,GREEN,2026-06-09
2026-06-09T07:00:00+05:30,29,Tuesday,3237.95,2446.46,4029.43,GREEN,2026-06-09
2026-06-09T07:15:00+05:30,30,Tuesday,2801.31,2309.37,3293.24,GREEN,2026-06-09
2026-06-09T07:30:00+05:30,31,Tuesday,2771.87,2362.27,3181.48,GREEN,2026-06-09
2026-06-09T07:45:00+05:30,32,Tuesday,2420.28,2049.6,2790.95,GREEN,2026-06-09
2026-06-09T08:00:00+05:30,33,Tuesday,1625.15,1241.04,2009.26,GREEN,2026-06-09
2026-06-09T08:15:00+05:30,34,Tuesday,1643.9,1274.45,2013.35,GREEN,2026-06-09
2026-06-09T08:30:00+05:30,35,Tuesday,1608.65,1221.34,1995.96,GREEN,2026-06-09
2026-06-09T08:45:00+05:30,36,Tuesday,1567.54,1162.01,1973.07,GREEN,2026-06-09
2026-06-09T09:00:00+05:30,37,Tuesday,1548.42,1132.62,1964.21,GREEN,2026-06-09
2026-06-09T09:15:00+05:30,38,Tuesday,1552.14,1119.03,1985.24,GREEN,2026-06-09
2026-06-09T09:30:00+05:30,39,Tuesday,1564.42,1150.24,1978.6,GREEN,2026-06-09
2026-06-09T09:45:00+05:30,40,Tuesday,1535.34,1132.4,1938.28,GREEN,2026-06-09
2026-06-09T10:00:00+05:30,41,Tuesday,1412.11,983.4,1840.83,GREEN,2026-06-09
2026-06-09T10:15:00+05:30,42,Tuesday,1431.11,1001.33,1860.88,GREEN,2026-06-09
2026-06-09T10:30:00+05:30,43,Tuesday,1512.34,1047.65,1977.04,GREEN,2026-06-09
2026-06-09T10:45:00+05:30,44,Tuesday,1484.65,1010.4,1958.9,GREEN,2026-06-09
2026-06-09T11:00:00+05:30,45,Tuesday,1460.27,986.17,1934.36,GREEN,2026-06-09
2026-06-09T11:15:00+05:30,46,Tuesday,1503.14,1034.5,1971.79,GREEN,2026-06-09
2026-06-09T11:30:00+05:30,47,Tuesday,1484.67,1031.1,1938.25,GREEN,2026-06-09
2026-06-09T11:45:00+05:30,48,Tuesday,1482.33,1039.56,1925.11,GREEN,2026-06-09
2026-06-09T12:00:00+05:30,49,Tuesday,1461.42,972.78,1950.07,GREEN,2026-06-09
2026-06-09T12:15:00+05:30,50,Tuesday,1513.73,999.05,2028.41,GREEN,2026-06-09
2026-06-09T12:30:00+05:30,51,Tuesday,1522.13,1050.89,1993.37,GREEN,2026-06-09
2026-06-09T12:45:00+05:30,52,Tuesday,1513.96,1024.99,2002.93,GREEN,2026-06-09
2026-06-09T13:00:00+05:30,53,Tuesday,1287.01,796.84,1777.19,GREEN,2026-06-09
2026-06-09T13:15:00+05:30,54,Tuesday,1369.55,861.98,1877.13,GREEN,2026-06-09
2026-06-09T13:30:00+05:30,55,Tuesday,1563.57,1045.37,2081.76,GREEN,2026-06-09
2026-06-09T13:45:00+05:30,56,Tuesday,1679.7,1171.56,2187.84,GREEN,2026-06-09
2026-06-09T14:00:00+05:30,57,Tuesday,1785.3,1299.15,2271.46,GREEN,2026-06-09
2026-06-09T14:15:00+05:30,58,Tuesday,1924.2,1410.46,2437.93,GREEN,2026-06-09
2026-06-09T14:30:00+05:30,59,Tuesday,1944.61,1326.89,2562.33,GREEN,2026-06-09
2026-06-09T14:45:00+05:30,60,Tuesday,2028.62,1359.76,2697.48,GREEN,2026-06-09
2026-06-09T15:00:00+05:30,61,Tuesday,3315.77,2572.36,4059.19,GREEN,2026-06-09
2026-06-09T15:15:00+05:30,62,Tuesday,3474.11,2766.1,4182.12,GREEN,2026-06-09
2026-06-09T15:30:00+05:30,63,Tuesday,3619.35,2851.26,4387.44,GREEN,2026-06-09
2026-06-09T15:45:00+05:30,64,Tuesday,3686.48,2891.99,4480.97,GREEN,2026-06-09
2026-06-09T16:00:00+05:30,65,Tuesday,3613.19,2885.06,4341.33,GREEN,2026-06-09
2026-06-09T16:15:00+05:30,66,Tuesday,3714.77,3012.89,4416.65,GREEN,2026-06-09
2026-06-09T16:30:00+05:30,67,Tuesday,3735.23,3054.38,4416.08,GREEN,2026-06-09
2026-06-09T16:45:00+05:30,68,Tuesday,3969.24,3285.67,4652.82,GREEN,2026-06-09
2026-06-09T17:00:00+05:30,69,Tuesday,3743.28,3092.99,4393.58,GREEN,2026-06-09
2026-06-09T17:15:00+05:30,70,Tuesday,3924.9,3237.32,4612.48,GREEN,2026-06-09
2026-06-09T17:30:00+05:30,71,Tuesday,3975.36,3323.6,4627.12,GREEN,2026-06-09
2026-06-09T17:45:00+05:30,72,Tuesday,4343.86,3682.14,5005.57,YELLOW,2026-06-09
2026-06-09T18:00:00+05:30,73,Tuesday,3277.04,2715.69,3838.39,GREEN,2026-06-09
2026-06-09T18:15:00+05:30,74,Tuesday,4301.19,3705.12,4897.26,YELLOW,2026-06-09
2026-06-09T18:30:00+05:30,75,Tuesday,5405.42,4592.77,6218.07,YELLOW,2026-06-09
2026-06-09T18:45:00+05:30,76,Tuesday,6165.08,5193.92,7136.23,YELLOW,2026-06-09
2026-06-09T19:00:00+05:30,77,Tuesday,6399.7,5360.58,7438.82,YELLOW,2026-06-09
2026-06-09T19:15:00+05:30,78,Tuesday,7251.03,6014.52,8487.53,RED,2026-06-09
2026-06-09T19:30:00+05:30,79,Tuesday,7311.47,5978.66,8644.27,RED,2026-06-09
2026-06-09T19:45:00+05:30,80,Tuesday,7526.36,6179.33,8873.4,RED,2026-06-09
2026-06-09T20:00:00+05:30,81,Tuesday,7529.66,6125.22,8934.11,RED,2026-06-09
2026-06-09T20:15:00+05:30,82,Tuesday,7714.94,6294.63,9135.26,RED,2026-06-09
2026-06-09T20:30:00+05:30,83,Tuesday,7663.49,6275.14,9051.85,RED,2026-06-09
2026-06-09T20:45:00+05:30,84,Tuesday,7733.12,6380.79,9085.44,RED,2026-06-09
2026-06-09T21:00:00+05:30,85,Tuesday,7757.05,6458.47,9055.63,RED,2026-06-09
2026-06-09T21:15:00+05:30,86,Tuesday,8008.13,6843.78,9172.47,RED,2026-06-09
2026-06-09T21:30:00+05:30,87,Tuesday,7733.02,6472.19,8993.84,RED,2026-06-09
2026-06-09T21:45:00+05:30,88,Tuesday,7763.22,6498.38,9028.06,RED,2026-06-09
2026-06-09T22:00:00+05:30,89,Tuesday,7746.1,6442.77,9049.43,RED,2026-06-09
2026-06-09T22:15:00+05:30,90,Tuesday,7852.12,6615.47,9088.76,RED,2026-06-09
2026-06-09T22:30:00+05:30,91,Tuesday,7940.15,6719.74,9160.57,RED,2026-06-09
2026-06-09T22:45:00+05:30,92,Tuesday,7982.55,6819.69,9145.42,RED,2026-06-09
2026-06-09T23:00:00+05:30,93,Tuesday,7814.33,6485.89,9142.76,RED,2026-06-09
2026-06-09T23:15:00+05:30,94,Tuesday,7814.18,6436.18,9192.18,RED,2026-06-09
2026-06-09T23:30:00+05:30,95,Tuesday,7535.92,6096.61,8975.22,RED,2026-06-09
2026-06-09T23:45:00+05:30,96,Tuesday,7385.18,5855.77,8914.58,RED,2026-06-09
2026-06-10T00:00:00+05:30,1,Wednesday,7539.05,5991.41,9086.7,RED,2026-06-10
2026-06-10T00:15:00+05:30,2,Wednesday,7424.33,5833.88,9014.77,RED,2026-06-10
2026-06-10T00:30:00+05:30,3,Wednesday,7129.11,5555.74,8702.48,RED,2026-06-10
2026-06-10T00:45:00+05:30,4,Wednesday,6903.96,5277.53,8530.39,YELLOW,2026-06-10
2026-06-10T01:00:00+05:30,5,Wednesday,6716.42,5132.81,8300.02,YELLOW,2026-06-10
2026-06-10T01:15:00+05:30,6,Wednesday,6635.04,5011.43,8258.64,YELLOW,2026-06-10
2026-06-10T01:30:00+05:30,7,Wednesday,6633.48,5039.01,8227.95,YELLOW,2026-06-10
2026-06-10T01:45:00+05:30,8,Wednesday,6443.04,4873.25,8012.84,YELLOW,2026-06-10
2026-06-10T02:00:00+05:30,9,Wednesday,6105.22,4612.1,7598.35,YELLOW,2026-06-10
2026-06-10T02:15:00+05:30,10,Wednesday,5903.81,4440.35,7367.28,YELLOW,2026-06-10
2026-06-10T02:30:00+05:30,11,Wednesday,5420.35,4171.13,6669.57,YELLOW,2026-06-10
2026-06-10T02:45:00+05:30,12,Wednesday,5331.24,4084.66,6577.83,YELLOW,2026-06-10
2026-06-10T03:00:00+05:30,13,Wednesday,5071.66,3893.16,6250.15,YELLOW,2026-06-10
2026-06-10T03:15:00+05:30,14,Wednesday,5032.6,3865.56,6199.63,YELLOW,2026-06-10
2026-06-10T03:30:00+05:30,15,Wednesday,4825.78,3726.87,5924.7,YELLOW,2026-06-10
2026-06-10T03:45:00+05:30,16,Wednesday,4758.23,3631.71,5884.75,YELLOW,2026-06-10
2026-06-10T04:00:00+05:30,17,Wednesday,4457.51,3356.71,5558.32,YELLOW,2026-06-10
2026-06-10T04:15:00+05:30,18,Wednesday,4445.19,3360.29,5530.08,YELLOW,2026-06-10
2026-06-10T04:30:00+05:30,19,Wednesday,4505.86,3429.7,5582.02,YELLOW,2026-06-10
2026-06-10T04:45:00+05:30,20,Wednesday,4478.43,3434.11,5522.74,YELLOW,2026-06-10
2026-06-10T05:00:00+05:30,21,Wednesday,4161.12,3146.44,5175.79,YELLOW,2026-06-10
2026-06-10T05:15:00+05:30,22,Wednesday,4560.57,3418.85,5702.3,YELLOW,2026-06-10
2026-06-10T05:30:00+05:30,23,Wednesday,4540.78,3403.79,5677.77,YELLOW,2026-06-10
2026-06-10T05:45:00+05:30,24,Wednesday,4442.25,3313.63,5570.87,YELLOW,2026-06-10
2026-06-10T06:00:00+05:30,25,Wednesday,4435.74,3447.2,5424.28,YELLOW,2026-06-10
2026-06-10T06:15:00+05:30,26,Wednesday,4454.29,3466.72,5441.86,YELLOW,2026-06-10
2026-06-10T06:30:00+05:30,27,Wednesday,4052.69,3133.68,4971.69,YELLOW,2026-06-10
2026-06-10T06:45:00+05:30,28,Wednesday,3679.0,2741.25,4616.74,GREEN,2026-06-10
2026-06-10T07:00:00+05:30,29,Wednesday,3238.26,2446.78,4029.74,GREEN,2026-06-10
2026-06-10T07:15:00+05:30,30,Wednesday,2791.1,2299.16,3283.04,GREEN,2026-06-10
2026-06-10T07:30:00+05:30,31,Wednesday,2756.25,2346.64,3165.86,GREEN,2026-06-10
2026-06-10T07:45:00+05:30,32,Wednesday,2395.14,2024.46,2765.81,GREEN,2026-06-10
2026-06-10T08:00:00+05:30,33,Wednesday,1604.33,1220.22,1988.44,GREEN,2026-06-10
2026-06-10T08:15:00+05:30,34,Wednesday,1634.98,1265.53,2004.43,GREEN,2026-06-10
2026-06-10T08:30:00+05:30,35,Wednesday,1587.82,1200.51,1975.14,GREEN,2026-06-10
2026-06-10T08:45:00+05:30,36,Wednesday,1554.09,1148.56,1959.62,GREEN,2026-06-10
2026-06-10T09:00:00+05:30,37,Wednesday,1541.3,1125.5,1957.09,GREEN,2026-06-10
2026-06-10T09:15:00+05:30,38,Wednesday,1546.02,1112.91,1979.12,GREEN,2026-06-10
2026-06-10T09:30:00+05:30,39,Wednesday,1543.66,1129.48,1957.85,GREEN,2026-06-10
2026-06-10T09:45:00+05:30,40,Wednesday,1503.13,1100.19,1906.07,GREEN,2026-06-10
2026-06-10T10:00:00+05:30,41,Wednesday,1396.34,967.63,1825.05,GREEN,2026-06-10
2026-06-10T10:15:00+05:30,42,Wednesday,1417.02,987.24,1846.79,GREEN,2026-06-10
2026-06-10T10:30:00+05:30,43,Wednesday,1505.94,1041.24,1970.64,GREEN,2026-06-10
2026-06-10T10:45:00+05:30,44,Wednesday,1473.38,999.13,1947.63,GREEN,2026-06-10
2026-06-10T11:00:00+05:30,45,Wednesday,1457.93,983.84,1932.03,GREEN,2026-06-10
2026-06-10T11:15:00+05:30,46,Wednesday,1505.72,1037.07,1974.36,GREEN,2026-06-10
2026-06-10T11:30:00+05:30,47,Wednesday,1488.67,1035.09,1942.25,GREEN,2026-06-10
2026-06-10T11:45:00+05:30,48,Wednesday,1486.28,1043.51,1929.06,GREEN,2026-06-10
2026-06-10T12:00:00+05:30,49,Wednesday,1475.76,987.11,1964.41,GREEN,2026-06-10
2026-06-10T12:15:00+05:30,50,Wednesday,1533.86,1019.18,2048.54,GREEN,2026-06-10
2026-06-10T12:30:00+05:30,51,Wednesday,1537.54,1066.3,2008.79,GREEN,2026-06-10
2026-06-10T12:45:00+05:30,52,Wednesday,1528.3,1039.33,2017.27,GREEN,2026-06-10
2026-06-10T13:00:00+05:30,53,Wednesday,1295.82,805.65,1786.0,GREEN,2026-06-10
2026-06-10T13:15:00+05:30,54,Wednesday,1376.37,868.79,1883.94,GREEN,2026-06-10
2026-06-10T13:30:00+05:30,55,Wednesday,1570.25,1052.06,2088.44,GREEN,2026-06-10
2026-06-10T13:45:00+05:30,56,Wednesday,1688.57,1180.43,2196.71,GREEN,2026-06-10
2026-06-10T14:00:00+05:30,57,Wednesday,1792.46,1306.31,2278.61,GREEN,2026-06-10
2026-06-10T14:15:00+05:30,58,Wednesday,1933.26,1419.53,2446.99,GREEN,2026-06-10
2026-06-10T14:30:00+05:30,59,Wednesday,1950.36,1332.65,2568.08,GREEN,2026-06-10
2026-06-10T14:45:00+05:30,60,Wednesday,2034.19,1365.33,2703.05,GREEN,2026-06-10
2026-06-10T15:00:00+05:30,61,Wednesday,3319.48,2576.07,4062.89,GREEN,2026-06-10
2026-06-10T15:15:00+05:30,62,Wednesday,3482.19,2774.18,4190.2,GREEN,2026-06-10
2026-06-10T15:30:00+05:30,63,Wednesday,3620.43,2852.34,4388.53,GREEN,2026-06-10
2026-06-10T15:45:00+05:30,64,Wednesday,3687.16,2892.68,4481.65,GREEN,2026-06-10
2026-06-10T16:00:00+05:30,65,Wednesday,3606.19,2878.06,4334.33,GREEN,2026-06-10
2026-06-10T16:15:00+05:30,66,Wednesday,3713.19,3011.3,4415.07,GREEN,2026-06-10
2026-06-10T16:30:00+05:30,67,Wednesday,3741.44,3060.59,4422.29,GREEN,2026-06-10
2026-06-10T16:45:00+05:30,68,Wednesday,3943.91,3260.34,4627.49,GREEN,2026-06-10
2026-06-10T17:00:00+05:30,69,Wednesday,3704.58,3054.29,4354.87,GREEN,2026-06-10
2026-06-10T17:15:00+05:30,70,Wednesday,3928.71,3241.13,4616.29,GREEN,2026-06-10
2026-06-10T17:30:00+05:30,71,Wednesday,3938.15,3286.39,4589.91,GREEN,2026-06-10
2026-06-10T17:45:00+05:30,72,Wednesday,4299.21,3637.5,4960.93,YELLOW,2026-06-10
2026-06-10T18:00:00+05:30,73,Wednesday,3269.55,2708.21,3830.9,GREEN,2026-06-10
2026-06-10T18:15:00+05:30,74,Wednesday,4320.36,3724.29,4916.43,YELLOW,2026-06-10
2026-06-10T18:30:00+05:30,75,Wednesday,5394.71,4582.06,6207.35,YELLOW,2026-06-10
2026-06-10T18:45:00+05:30,76,Wednesday,6200.37,5229.22,7171.53,YELLOW,2026-06-10
2026-06-10T19:00:00+05:30,77,Wednesday,6404.59,5365.46,7443.71,YELLOW,2026-06-10
2026-06-10T19:15:00+05:30,78,Wednesday,7276.82,6040.31,8513.32,RED,2026-06-10
2026-06-10T19:30:00+05:30,79,Wednesday,7301.28,5968.48,8634.09,RED,2026-06-10
2026-06-10T19:45:00+05:30,80,Wednesday,7506.09,6159.05,8853.12,RED,2026-06-10
2026-06-10T20:00:00+05:30,81,Wednesday,7475.95,6071.51,8880.4,RED,2026-06-10
2026-06-10T20:15:00+05:30,82,Wednesday,7674.01,6253.7,9094.33,RED,2026-06-10
2026-06-10T20:30:00+05:30,83,Wednesday,7656.12,6267.76,9044.47,RED,2026-06-10
2026-06-10T20:45:00+05:30,84,Wednesday,7715.26,6362.93,9067.58,RED,2026-06-10
2026-06-10T21:00:00+05:30,85,Wednesday,7742.16,6443.58,9040.74,RED,2026-06-10
2026-06-10T21:15:00+05:30,86,Wednesday,7995.85,6831.51,9160.2,RED,2026-06-10
2026-06-10T21:30:00+05:30,87,Wednesday,7681.49,6420.66,8942.32,RED,2026-06-10
2026-06-10T21:45:00+05:30,88,Wednesday,7712.73,6447.89,8977.57,RED,2026-06-10
2026-06-10T22:00:00+05:30,89,Wednesday,7704.04,6400.71,9007.37,RED,2026-06-10
2026-06-10T22:15:00+05:30,90,Wednesday,7822.94,6586.29,9059.58,RED,2026-06-10
2026-06-10T22:30:00+05:30,91,Wednesday,7920.3,6699.89,9140.71,RED,2026-06-10
2026-06-10T22:45:00+05:30,92,Wednesday,7960.89,6798.03,9123.75,RED,2026-06-10
2026-06-10T23:00:00+05:30,93,Wednesday,7776.16,6447.72,9104.59,RED,2026-06-10
2026-06-10T23:15:00+05:30,94,Wednesday,7774.44,6396.44,9152.44,RED,2026-06-10
2026-06-10T23:30:00+05:30,95,Wednesday,7466.33,6027.02,8905.63,RED,2026-06-10
2026-06-10T23:45:00+05:30,96,Wednesday,7311.45,5782.05,8840.85,RED,2026-06-10
2026-06-11T00:00:00+05:30,1,Thursday,7459.15,5911.5,9006.79,RED,2026-06-11
2026-06-11T00:15:00+05:30,2,Thursday,7349.63,5759.18,8940.08,RED,2026-06-11
2026-06-11T00:30:00+05:30,3,Thursday,7057.83,5484.46,8631.19,RED,2026-06-11
2026-06-11T00:45:00+05:30,4,Thursday,6827.81,5201.38,8454.24,YELLOW,2026-06-11
2026-06-11T01:00:00+05:30,5,Thursday,6657.64,5074.03,8241.24,YELLOW,2026-06-11
2026-06-11T01:15:00+05:30,6,Thursday,6580.74,4957.14,8204.35,YELLOW,2026-06-11
2026-06-11T01:30:00+05:30,7,Thursday,6604.77,5010.3,8199.24,YELLOW,2026-06-11
2026-06-11T01:45:00+05:30,8,Thursday,6419.86,4850.06,7989.66,YELLOW,2026-06-11
2026-06-11T02:00:00+05:30,9,Thursday,6069.02,4575.9,7562.14,YELLOW,2026-06-11
2026-06-11T02:15:00+05:30,10,Thursday,5866.72,4403.26,7330.19,YELLOW,2026-06-11
2026-06-11T02:30:00+05:30,11,Thursday,5388.94,4139.72,6638.16,YELLOW,2026-06-11
2026-06-11T02:45:00+05:30,12,Thursday,5301.67,4055.09,6548.26,YELLOW,2026-06-11
2026-06-11T03:00:00+05:30,13,Thursday,5047.4,3868.91,6225.89,YELLOW,2026-06-11
2026-06-11T03:15:00+05:30,14,Thursday,5013.99,3846.95,6181.02,YELLOW,2026-06-11
2026-06-11T03:30:00+05:30,15,Thursday,4813.84,3714.92,5912.75,YELLOW,2026-06-11
2026-06-11T03:45:00+05:30,16,Thursday,4745.04,3618.52,5871.55,YELLOW,2026-06-11
2026-06-11T04:00:00+05:30,17,Thursday,4436.02,3335.22,5536.83,YELLOW,2026-06-11
2026-06-11T04:15:00+05:30,18,Thursday,4420.5,3335.6,5505.4,YELLOW,2026-06-11
2026-06-11T04:30:00+05:30,19,Thursday,4480.77,3404.61,5556.93,YELLOW,2026-06-11
2026-06-11T04:45:00+05:30,20,Thursday,4448.57,3404.25,5492.89,YELLOW,2026-06-11
2026-06-11T05:00:00+05:30,21,Thursday,4162.1,3147.43,5176.78,YELLOW,2026-06-11
2026-06-11T05:15:00+05:30,22,Thursday,4552.48,3410.75,5694.21,YELLOW,2026-06-11
2026-06-11T05:30:00+05:30,23,Thursday,4528.78,3391.79,5665.77,YELLOW,2026-06-11
2026-06-11T05:45:00+05:30,24,Thursday,4423.54,3294.92,5552.16,YELLOW,2026-06-11
2026-06-11T06:00:00+05:30,25,Thursday,4400.93,3412.4,5389.47,YELLOW,2026-06-11
2026-06-11T06:15:00+05:30,26,Thursday,4420.52,3432.94,5408.09,YELLOW,2026-06-11
2026-06-11T06:30:00+05:30,27,Thursday,4009.47,3090.46,4928.47,YELLOW,2026-06-11
2026-06-11T06:45:00+05:30,28,Thursday,3651.59,2713.84,4589.33,GREEN,2026-06-11
2026-06-11T07:00:00+05:30,29,Thursday,3238.01,2446.53,4029.5,GREEN,2026-06-11
2026-06-11T07:15:00+05:30,30,Thursday,2787.25,2295.32,3279.19,GREEN,2026-06-11
2026-06-11T07:30:00+05:30,31,Thursday,2738.71,2329.1,3148.31,GREEN,2026-06-11
2026-06-11T07:45:00+05:30,32,Thursday,2405.62,2034.95,2776.3,GREEN,2026-06-11
2026-06-11T08:00:00+05:30,33,Thursday,1593.38,1209.27,1977.49,GREEN,2026-06-11
2026-06-11T08:15:00+05:30,34,Thursday,1615.64,1246.19,1985.09,GREEN,2026-06-11
2026-06-11T08:30:00+05:30,35,Thursday,1574.32,1187.0,1961.63,GREEN,2026-06-11
2026-06-11T08:45:00+05:30,36,Thursday,1531.31,1125.78,1936.84,GREEN,2026-06-11
2026-06-11T09:00:00+05:30,37,Thursday,1526.96,1111.17,1942.75,GREEN,2026-06-11
2026-06-11T09:15:00+05:30,38,Thursday,1525.31,1092.21,1958.41,GREEN,2026-06-11
2026-06-11T09:30:00+05:30,39,Thursday,1540.79,1126.61,1954.98,GREEN,2026-06-11
2026-06-11T09:45:00+05:30,40,Thursday,1509.95,1107.01,1912.89,GREEN,2026-06-11
2026-06-11T10:00:00+05:30,41,Thursday,1393.77,965.06,1822.48,GREEN,2026-06-11
2026-06-11T10:15:00+05:30,42,Thursday,1408.21,978.43,1837.98,GREEN,2026-06-11
2026-06-11T10:30:00+05:30,43,Thursday,1491.41,1026.71,1956.11,GREEN,2026-06-11
2026-06-11T10:45:00+05:30,44,Thursday,1461.0,986.75,1935.25,GREEN,2026-06-11
2026-06-11T11:00:00+05:30,45,Thursday,1442.5,968.4,1916.59,GREEN,2026-06-11
2026-06-11T11:15:00+05:30,46,Thursday,1486.25,1017.61,1954.9,GREEN,2026-06-11
2026-06-11T11:30:00+05:30,47,Thursday,1463.19,1009.61,1916.76,GREEN,2026-06-11
2026-06-11T11:45:00+05:30,48,Thursday,1462.68,1019.9,1905.45,GREEN,2026-06-11
2026-06-11T12:00:00+05:30,49,Thursday,1456.67,968.03,1945.32,GREEN,2026-06-11
2026-06-11T12:15:00+05:30,50,Thursday,1515.91,1001.22,2030.59,GREEN,2026-06-11
2026-06-11T12:30:00+05:30,51,Thursday,1514.95,1043.71,1986.2,GREEN,2026-06-11
2026-06-11T12:45:00+05:30,52,Thursday,1508.13,1019.16,1997.1,GREEN,2026-06-11
2026-06-11T13:00:00+05:30,53,Thursday,1281.16,790.98,1771.33,GREEN,2026-06-11
2026-06-11T13:15:00+05:30,54,Thursday,1361.65,854.08,1869.23,GREEN,2026-06-11
2026-06-11T13:30:00+05:30,55,Thursday,1549.91,1031.72,2068.11,GREEN,2026-06-11
2026-06-11T13:45:00+05:30,56,Thursday,1670.35,1162.21,2178.49,GREEN,2026-06-11
2026-06-11T14:00:00+05:30,57,Thursday,1781.88,1295.73,2268.03,GREEN,2026-06-11
2026-06-11T14:15:00+05:30,58,Thursday,1922.88,1409.15,2436.61,GREEN,2026-06-11
2026-06-11T14:30:00+05:30,59,Thursday,1940.52,1322.8,2558.24,GREEN,2026-06-11
2026-06-11T14:45:00+05:30,60,Thursday,2025.97,1357.11,2694.83,GREEN,2026-06-11
2026-06-11T15:00:00+05:30,61,Thursday,3295.97,2552.55,4039.38,GREEN,2026-06-11
2026-06-11T15:15:00+05:30,62,Thursday,3457.25,2749.24,4165.26,GREEN,2026-06-11
2026-06-11T15:30:00+05:30,63,Thursday,3619.39,2851.3,4387.48,GREEN,2026-06-11
2026-06-11T15:45:00+05:30,64,Thursday,3693.68,2899.19,4488.16,GREEN,2026-06-11
2026-06-11T16:00:00+05:30,65,Thursday,3612.62,2884.48,4340.75,GREEN,2026-06-11
2026-06-11T16:15:00+05:30,66,Thursday,3711.21,3009.33,4413.1,GREEN,2026-06-11
2026-06-11T16:30:00+05:30,67,Thursday,3715.7,3034.85,4396.56,GREEN,2026-06-11
2026-06-11T16:45:00+05:30,68,Thursday,3918.76,3235.18,4602.33,GREEN,2026-06-11
2026-06-11T17:00:00+05:30,69,Thursday,3692.45,3042.16,4342.74,GREEN,2026-06-11
2026-06-11T17:15:00+05:30,70,Thursday,3915.28,3227.69,4602.86,GREEN,2026-06-11
2026-06-11T17:30:00+05:30,71,Thursday,3971.34,3319.58,4623.1,GREEN,2026-06-11
2026-06-11T17:45:00+05:30,72,Thursday,4353.78,3692.06,5015.49,YELLOW,2026-06-11
2026-06-11T18:00:00+05:30,73,Thursday,3315.8,2754.46,3877.15,GREEN,2026-06-11
2026-06-11T18:15:00+05:30,74,Thursday,4330.87,3734.8,4926.94,YELLOW,2026-06-11
2026-06-11T18:30:00+05:30,75,Thursday,5415.54,4602.89,6228.19,YELLOW,2026-06-11
2026-06-11T18:45:00+05:30,76,Thursday,6200.54,5229.38,7171.7,YELLOW,2026-06-11
2026-06-11T19:00:00+05:30,77,Thursday,6415.67,5376.55,7454.79,YELLOW,2026-06-11
2026-06-11T19:15:00+05:30,78,Thursday,7287.01,6050.51,8523.51,RED,2026-06-11
2026-06-11T19:30:00+05:30,79,Thursday,7326.41,5993.61,8659.22,RED,2026-06-11
2026-06-11T19:45:00+05:30,80,Thursday,7549.54,6202.5,8896.57,RED,2026-06-11
2026-06-11T20:00:00+05:30,81,Thursday,7544.77,6140.32,8949.21,RED,2026-06-11
2026-06-11T20:15:00+05:30,82,Thursday,7721.04,6300.73,9141.36,RED,2026-06-11
2026-06-11T20:30:00+05:30,83,Thursday,7633.85,6245.49,9022.2,RED,2026-06-11
2026-06-11T20:45:00+05:30,84,Thursday,7701.95,6349.62,9054.28,RED,2026-06-11
2026-06-11T21:00:00+05:30,85,Thursday,7743.2,6444.62,9041.79,RED,2026-06-11
2026-06-11T21:15:00+05:30,86,Thursday,7994.15,6829.8,9158.5,RED,2026-06-11
2026-06-11T21:30:00+05:30,87,Thursday,7710.41,6449.58,8971.24,RED,2026-06-11
2026-06-11T21:45:00+05:30,88,Thursday,7740.6,6475.76,9005.44,RED,2026-06-11
2026-06-11T22:00:00+05:30,89,Thursday,7714.58,6411.25,9017.9,RED,2026-06-11
2026-06-11T22:15:00+05:30,90,Thursday,7827.5,6590.85,9064.14,RED,2026-06-11
2026-06-11T22:30:00+05:30,91,Thursday,7921.06,6700.65,9141.47,RED,2026-06-11
2026-06-11T22:45:00+05:30,92,Thursday,7968.06,6805.2,9130.92,RED,2026-06-11
2026-06-11T23:00:00+05:30,93,Thursday,7763.36,6434.92,9091.79,RED,2026-06-11
2026-06-11T23:15:00+05:30,94,Thursday,7766.44,6388.45,9144.44,RED,2026-06-11
2026-06-11T23:30:00+05:30,95,Thursday,7484.24,6044.93,8923.54,RED,2026-06-11
2026-06-11T23:45:00+05:30,96,Thursday,7331.19,5801.79,8860.59,RED,2026-06-11
2026-06-12T00:00:00+05:30,1,Friday,7461.83,5914.19,9009.48,RED,2026-06-12
2026-06-12T00:15:00+05:30,2,Friday,7331.63,5741.19,8922.08,RED,2026-06-12
2026-06-12T00:30:00+05:30,3,Friday,7061.67,5488.31,8635.04,RED,2026-06-12
2026-06-12T00:45:00+05:30,4,Friday,6850.47,5224.04,8476.9,YELLOW,2026-06-12
2026-06-12T01:00:00+05:30,5,Friday,6654.13,5070.53,8237.74,YELLOW,2026-06-12
2026-06-12T01:15:00+05:30,6,Friday,6571.6,4948.0,8195.2,YELLOW,2026-06-12
2026-06-12T01:30:00+05:30,7,Friday,6608.12,5013.65,8202.59,YELLOW,2026-06-12
2026-06-12T01:45:00+05:30,8,Friday,6400.14,4830.34,7969.93,YELLOW,2026-06-12
2026-06-12T02:00:00+05:30,9,Friday,6051.65,4558.53,7544.77,YELLOW,2026-06-12
2026-06-12T02:15:00+05:30,10,Friday,5859.72,4396.25,7323.18,YELLOW,2026-06-12
2026-06-12T02:30:00+05:30,11,Friday,5371.29,4122.07,6620.5,YELLOW,2026-06-12
2026-06-12T02:45:00+05:30,12,Friday,5272.68,4026.1,6519.27,YELLOW,2026-06-12
2026-06-12T03:00:00+05:30,13,Friday,5020.45,3841.96,6198.94,YELLOW,2026-06-12
2026-06-12T03:15:00+05:30,14,Friday,4986.71,3819.68,6153.74,YELLOW,2026-06-12
2026-06-12T03:30:00+05:30,15,Friday,4780.64,3681.73,5879.55,YELLOW,2026-06-12
2026-06-12T03:45:00+05:30,16,Friday,4717.59,3591.07,5844.11,YELLOW,2026-06-12
2026-06-12T04:00:00+05:30,17,Friday,4440.42,3339.62,5541.23,YELLOW,2026-06-12
2026-06-12T04:15:00+05:30,18,Friday,4413.94,3329.04,5498.83,YELLOW,2026-06-12
2026-06-12T04:30:00+05:30,19,Friday,4476.25,3400.09,5552.41,YELLOW,2026-06-12
2026-06-12T04:45:00+05:30,20,Friday,4443.44,3399.12,5487.75,YELLOW,2026-06-12
2026-06-12T05:00:00+05:30,21,Friday,4139.63,3124.96,5154.31,YELLOW,2026-06-12
2026-06-12T05:15:00+05:30,22,Friday,4544.5,3402.77,5686.23,YELLOW,2026-06-12
2026-06-12T05:30:00+05:30,23,Friday,4511.71,3374.73,5648.7,YELLOW,2026-06-12
2026-06-12T05:45:00+05:30,24,Friday,4411.37,3282.75,5539.99,YELLOW,2026-06-12
2026-06-12T06:00:00+05:30,25,Friday,4406.95,3418.41,5395.48,YELLOW,2026-06-12
2026-06-12T06:15:00+05:30,26,Friday,4412.76,3425.19,5400.33,YELLOW,2026-06-12
2026-06-12T06:30:00+05:30,27,Friday,4012.17,3093.17,4931.17,YELLOW,2026-06-12
2026-06-12T06:45:00+05:30,28,Friday,3630.01,2692.26,4567.75,GREEN,2026-06-12
2026-06-12T07:00:00+05:30,29,Friday,3204.21,2412.72,3995.69,GREEN,2026-06-12
2026-06-12T07:15:00+05:30,30,Friday,2769.64,2277.71,3261.58,GREEN,2026-06-12
2026-06-12T07:30:00+05:30,31,Friday,2726.43,2316.82,3136.04,GREEN,2026-06-12
2026-06-12T07:45:00+05:30,32,Friday,2392.13,2021.46,2762.81,GREEN,2026-06-12
2026-06-12T08:00:00+05:30,33,Friday,1593.84,1209.73,1977.95,GREEN,2026-06-12
2026-06-12T08:15:00+05:30,34,Friday,1612.53,1243.08,1981.98,GREEN,2026-06-12
2026-06-12T08:30:00+05:30,35,Friday,1575.71,1188.4,1963.02,GREEN,2026-06-12
2026-06-12T08:45:00+05:30,36,Friday,1549.56,1144.03,1955.09,GREEN,2026-06-12
2026-06-12T09:00:00+05:30,37,Friday,1544.76,1128.97,1960.55,GREEN,2026-06-12
2026-06-12T09:15:00+05:30,38,Friday,1541.94,1108.83,1975.04,GREEN,2026-06-12
2026-06-12T09:30:00+05:30,39,Friday,1571.42,1157.24,1985.6,GREEN,2026-06-12
2026-06-12T09:45:00+05:30,40,Friday,1536.88,1133.94,1939.81,GREEN,2026-06-12
2026-06-12T10:00:00+05:30,41,Friday,1428.06,999.35,1856.77,GREEN,2026-06-12
2026-06-12T10:15:00+05:30,42,Friday,1443.45,1013.68,1873.23,GREEN,2026-06-12
2026-06-12T10:30:00+05:30,43,Friday,1508.87,1044.17,1973.57,GREEN,2026-06-12
2026-06-12T10:45:00+05:30,44,Friday,1468.54,994.29,1942.79,GREEN,2026-06-12
2026-06-12T11:00:00+05:30,45,Friday,1461.18,987.08,1935.27,GREEN,2026-06-12
2026-06-12T11:15:00+05:30,46,Friday,1504.51,1035.86,1973.15,GREEN,2026-06-12
2026-06-12T11:30:00+05:30,47,Friday,1485.49,1031.91,1939.07,GREEN,2026-06-12
2026-06-12T11:45:00+05:30,48,Friday,1482.39,1039.61,1925.16,GREEN,2026-06-12
2026-06-12T12:00:00+05:30,49,Friday,1469.85,981.21,1958.5,GREEN,2026-06-12
2026-06-12T12:15:00+05:30,50,Friday,1524.2,1009.52,2038.88,GREEN,2026-06-12
2026-06-12T12:30:00+05:30,51,Friday,1538.93,1067.69,2010.18,GREEN,2026-06-12
2026-06-12T12:45:00+05:30,52,Friday,1525.9,1036.93,2014.87,GREEN,2026-06-12
2026-06-12T13:00:00+05:30,53,Friday,1301.0,810.83,1791.17,GREEN,2026-06-12
2026-06-12T13:15:00+05:30,54,Friday,1384.54,876.96,1892.11,GREEN,2026-06-12
2026-06-12T13:30:00+05:30,55,Friday,1579.27,1061.07,2097.46,GREEN,2026-06-12
2026-06-12T13:45:00+05:30,56,Friday,1695.41,1187.27,2203.55,GREEN,2026-06-12
2026-06-12T14:00:00+05:30,57,Friday,1792.76,1306.6,2278.91,GREEN,2026-06-12
2026-06-12T14:15:00+05:30,58,Friday,1936.05,1422.31,2449.78,GREEN,2026-06-12
2026-06-12T14:30:00+05:30,59,Friday,1946.92,1329.2,2564.64,GREEN,2026-06-12
2026-06-12T14:45:00+05:30,60,Friday,2036.15,1367.29,2705.01,GREEN,2026-06-12
2026-06-12T15:00:00+05:30,61,Friday,3301.54,2558.12,4044.95,GREEN,2026-06-12
2026-06-12T15:15:00+05:30,62,Friday,3468.21,2760.2,4176.22,GREEN,2026-06-12
2026-06-12T15:30:00+05:30,63,Friday,3621.29,2853.2,4389.38,GREEN,2026-06-12
2026-06-12T15:45:00+05:30,64,Friday,3695.02,2900.53,4489.51,GREEN,2026-06-12
2026-06-12T16:00:00+05:30,65,Friday,3610.99,2882.85,4339.13,GREEN,2026-06-12
2026-06-12T16:15:00+05:30,66,Friday,3721.14,3019.25,4423.02,GREEN,2026-06-12
2026-06-12T16:30:00+05:30,67,Friday,3713.79,3032.93,4394.64,GREEN,2026-06-12
2026-06-12T16:45:00+05:30,68,Friday,3931.28,3247.7,4614.85,GREEN,2026-06-12
2026-06-12T17:00:00+05:30,69,Friday,3708.29,3058.0,4358.58,GREEN,2026-06-12
2026-06-12T17:15:00+05:30,70,Friday,3908.06,3220.47,4595.64,GREEN,2026-06-12
2026-06-12T17:30:00+05:30,71,Friday,3967.72,3315.96,4619.48,GREEN,2026-06-12
2026-06-12T17:45:00+05:30,72,Friday,4324.15,3662.43,4985.86,YELLOW,2026-06-12
2026-06-12T18:00:00+05:30,73,Friday,3267.84,2706.49,3829.18,GREEN,2026-06-12
2026-06-12T18:15:00+05:30,74,Friday,4278.45,3682.38,4874.52,YELLOW,2026-06-12
2026-06-12T18:30:00+05:30,75,Friday,5417.35,4604.7,6230.0,YELLOW,2026-06-12
2026-06-12T18:45:00+05:30,76,Friday,6177.08,5205.93,7148.24,YELLOW,2026-06-12
2026-06-12T19:00:00+05:30,77,Friday,6393.58,5354.46,7432.71,YELLOW,2026-06-12
2026-06-12T19:15:00+05:30,78,Friday,7249.49,6012.99,8485.99,RED,2026-06-12
2026-06-12T19:30:00+05:30,79,Friday,7289.84,5957.03,8622.64,RED,2026-06-12
2026-06-12T19:45:00+05:30,80,Friday,7532.42,6185.39,8879.45,RED,2026-06-12
2026-06-12T20:00:00+05:30,81,Friday,7516.74,6112.3,8921.19,RED,2026-06-12
2026-06-12T20:15:00+05:30,82,Friday,7707.49,6287.17,9127.8,RED,2026-06-12
2026-06-12T20:30:00+05:30,83,Friday,7653.31,6264.95,9041.66,RED,2026-06-12
2026-06-12T20:45:00+05:30,84,Friday,7705.12,6352.8,9057.45,RED,2026-06-12
2026-06-12T21:00:00+05:30,85,Friday,7713.35,6414.77,9011.94,RED,2026-06-12
2026-06-12T21:15:00+05:30,86,Friday,7956.09,6791.74,9120.44,RED,2026-06-12
2026-06-12T21:30:00+05:30,87,Friday,7641.0,6380.17,8901.83,RED,2026-06-12
2026-06-12T21:45:00+05:30,88,Friday,7668.13,6403.29,8932.97,RED,2026-06-12
2026-06-12T22:00:00+05:30,89,Friday,7649.75,6346.43,8953.08,RED,2026-06-12
2026-06-12T22:15:00+05:30,90,Friday,7768.72,6532.08,9005.37,RED,2026-06-12
2026-06-12T22:30:00+05:30,91,Friday,7879.15,6658.73,9099.56,RED,2026-06-12
2026-06-12T22:45:00+05:30,92,Friday,7925.34,6762.48,9088.2,RED,2026-06-12
2026-06-12T23:00:00+05:30,93,Friday,7713.81,6385.38,9042.25,RED,2026-06-12
2026-06-12T23:15:00+05:30,94,Friday,7706.44,6328.44,9084.44,RED,2026-06-12
2026-06-12T23:30:00+05:30,95,Friday,7463.06,6023.76,8902.37,RED,2026-06-12
2026-06-12T23:45:00+05:30,96,Friday,7291.8,5762.4,8821.2,RED,2026-06-12
2026-06-13T00:00:00+05:30,1,Saturday,6825.97,5347.78,8304.15,YELLOW,2026-06-13
2026-06-13T00:15:00+05:30,2,Saturday,6648.75,5119.87,8177.62,YELLOW,2026-06-13
2026-06-13T00:30:00+05:30,3,Saturday,6479.67,4892.04,8067.31,YELLOW,2026-06-13
2026-06-13T00:45:00+05:30,4,Saturday,6349.19,4692.74,8005.63,YELLOW,2026-06-13
2026-06-13T01:00:00+05:30,5,Saturday,6061.63,4562.04,7561.22,YELLOW,2026-06-13
2026-06-13T01:15:00+05:30,6,Saturday,5938.68,4448.85,7428.52,YELLOW,2026-06-13
2026-06-13T01:30:00+05:30,7,Saturday,5840.19,4484.56,7195.81,YELLOW,2026-06-13
2026-06-13T01:45:00+05:30,8,Saturday,5753.08,4388.08,7118.08,YELLOW,2026-06-13
2026-06-13T02:00:00+05:30,9,Saturday,5288.03,4113.22,6462.84,YELLOW,2026-06-13
2026-06-13T02:15:00+05:30,10,Saturday,5262.12,4097.35,6426.9,YELLOW,2026-06-13
2026-06-13T02:30:00+05:30,11,Saturday,5119.15,4077.71,6160.6,YELLOW,2026-06-13
2026-06-13T02:45:00+05:30,12,Saturday,5020.75,4005.69,6035.8,YELLOW,2026-06-13
2026-06-13T03:00:00+05:30,13,Saturday,5033.96,3980.47,6087.45,YELLOW,2026-06-13
2026-06-13T03:15:00+05:30,14,Saturday,4896.71,4040.77,5752.66,YELLOW,2026-06-13
2026-06-13T03:30:00+05:30,15,Saturday,4647.17,3845.6,5448.75,YELLOW,2026-06-13
2026-06-13T03:45:00+05:30,16,Saturday,4570.91,3782.87,5358.95,YELLOW,2026-06-13
2026-06-13T04:00:00+05:30,17,Saturday,4722.53,3777.83,5667.23,YELLOW,2026-06-13
2026-06-13T04:15:00+05:30,18,Saturday,4706.87,3896.79,5516.94,YELLOW,2026-06-13
2026-06-13T04:30:00+05:30,19,Saturday,4683.09,3885.56,5480.63,YELLOW,2026-06-13
2026-06-13T04:45:00+05:30,20,Saturday,4454.98,3649.9,5260.06,YELLOW,2026-06-13
2026-06-13T05:00:00+05:30,21,Saturday,4054.66,3165.81,4943.5,YELLOW,2026-06-13
2026-06-13T05:15:00+05:30,22,Saturday,4148.58,3289.99,5007.16,YELLOW,2026-06-13
2026-06-13T05:30:00+05:30,23,Saturday,4148.46,3319.86,4977.05,YELLOW,2026-06-13
2026-06-13T05:45:00+05:30,24,Saturday,4115.56,3276.52,4954.59,YELLOW,2026-06-13
2026-06-13T06:00:00+05:30,25,Saturday,4111.82,3330.14,4893.5,YELLOW,2026-06-13
2026-06-13T06:15:00+05:30,26,Saturday,4231.38,3223.44,5239.32,YELLOW,2026-06-13
2026-06-13T06:30:00+05:30,27,Saturday,3870.52,3175.04,4566.0,GREEN,2026-06-13
2026-06-13T06:45:00+05:30,28,Saturday,3658.97,3039.42,4278.53,GREEN,2026-06-13
2026-06-13T07:00:00+05:30,29,Saturday,3081.63,2562.79,3600.46,GREEN,2026-06-13
2026-06-13T07:15:00+05:30,30,Saturday,2561.39,2143.14,2979.65,GREEN,2026-06-13
2026-06-13T07:30:00+05:30,31,Saturday,2484.43,2120.42,2848.43,GREEN,2026-06-13
2026-06-13T07:45:00+05:30,32,Saturday,1974.31,1631.38,2317.25,GREEN,2026-06-13
2026-06-13T08:00:00+05:30,33,Saturday,1335.89,905.83,1765.96,GREEN,2026-06-13
2026-06-13T08:15:00+05:30,34,Saturday,1372.54,963.48,1781.61,GREEN,2026-06-13
2026-06-13T08:30:00+05:30,35,Saturday,1320.4,904.93,1735.86,GREEN,2026-06-13
2026-06-13T08:45:00+05:30,36,Saturday,1249.98,794.22,1705.74,GREEN,2026-06-13
2026-06-13T09:00:00+05:30,37,Saturday,1124.68,696.44,1552.91,GREEN,2026-06-13
2026-06-13T09:15:00+05:30,38,Saturday,1167.27,729.07,1605.47,GREEN,2026-06-13
2026-06-13T09:30:00+05:30,39,Saturday,1219.49,818.85,1620.12,GREEN,2026-06-13
2026-06-13T09:45:00+05:30,40,Saturday,1175.09,752.37,1597.81,GREEN,2026-06-13
2026-06-13T10:00:00+05:30,41,Saturday,1046.11,609.06,1483.15,GREEN,2026-06-13
2026-06-13T10:15:00+05:30,42,Saturday,1069.42,603.26,1535.58,GREEN,2026-06-13
2026-06-13T10:30:00+05:30,43,Saturday,1096.5,655.37,1537.64,GREEN,2026-06-13
2026-06-13T10:45:00+05:30,44,Saturday,1068.69,651.29,1486.09,GREEN,2026-06-13
2026-06-13T11:00:00+05:30,45,Saturday,1057.59,634.31,1480.87,GREEN,2026-06-13
2026-06-13T11:15:00+05:30,46,Saturday,1116.73,657.07,1576.38,GREEN,2026-06-13
2026-06-13T11:30:00+05:30,47,Saturday,1116.59,614.71,1618.48,GREEN,2026-06-13
2026-06-13T11:45:00+05:30,48,Saturday,1108.74,610.93,1606.54,GREEN,2026-06-13
2026-06-13T12:00:00+05:30,49,Saturday,1105.73,636.48,1574.97,GREEN,2026-06-13
2026-06-13T12:15:00+05:30,50,Saturday,1154.08,695.01,1613.15,GREEN,2026-06-13
2026-06-13T12:30:00+05:30,51,Saturday,1176.53,653.64,1699.43,GREEN,2026-06-13
2026-06-13T12:45:00+05:30,52,Saturday,1180.78,655.45,1706.11,GREEN,2026-06-13
2026-06-13T13:00:00+05:30,53,Saturday,1047.68,582.19,1513.17,GREEN,2026-06-13
2026-06-13T13:15:00+05:30,54,Saturday,1095.04,615.53,1574.55,GREEN,2026-06-13
2026-06-13T13:30:00+05:30,55,Saturday,1230.29,664.28,1796.3,GREEN,2026-06-13
2026-06-13T13:45:00+05:30,56,Saturday,1345.61,750.5,1940.71,GREEN,2026-06-13
2026-06-13T14:00:00+05:30,57,Saturday,1446.12,812.12,2080.12,GREEN,2026-06-13
2026-06-13T14:15:00+05:30,58,Saturday,1594.16,928.88,2259.44,GREEN,2026-06-13
2026-06-13T14:30:00+05:30,59,Saturday,1714.87,988.75,2441.0,GREEN,2026-06-13
2026-06-13T14:45:00+05:30,60,Saturday,1836.62,1042.93,2630.31,GREEN,2026-06-13
2026-06-13T15:00:00+05:30,61,Saturday,2953.55,2184.99,3722.11,GREEN,2026-06-13
2026-06-13T15:15:00+05:30,62,Saturday,3123.33,2302.87,3943.79,GREEN,2026-06-13
2026-06-13T15:30:00+05:30,63,Saturday,3271.82,2498.39,4045.24,GREEN,2026-06-13
2026-06-13T15:45:00+05:30,64,Saturday,3435.8,2704.62,4166.99,GREEN,2026-06-13
2026-06-13T16:00:00+05:30,65,Saturday,3324.58,2353.82,4295.35,GREEN,2026-06-13
2026-06-13T16:15:00+05:30,66,Saturday,3408.97,2466.25,4351.69,GREEN,2026-06-13
2026-06-13T16:30:00+05:30,67,Saturday,3259.65,2713.57,3805.73,GREEN,2026-06-13
2026-06-13T16:45:00+05:30,68,Saturday,3383.64,2863.26,3904.01,GREEN,2026-06-13
2026-06-13T17:00:00+05:30,69,Saturday,2902.07,2348.02,3456.11,GREEN,2026-06-13
2026-06-13T17:15:00+05:30,70,Saturday,3183.96,2677.44,3690.48,GREEN,2026-06-13
2026-06-13T17:30:00+05:30,71,Saturday,3287.48,2763.88,3811.07,GREEN,2026-06-13
2026-06-13T17:45:00+05:30,72,Saturday,3622.61,3160.97,4084.26,GREEN,2026-06-13
2026-06-13T18:00:00+05:30,73,Saturday,2532.92,2047.52,3018.32,GREEN,2026-06-13
2026-06-13T18:15:00+05:30,74,Saturday,3332.57,2841.81,3823.32,GREEN,2026-06-13
2026-06-13T18:30:00+05:30,75,Saturday,3919.47,3349.71,4489.23,GREEN,2026-06-13
2026-06-13T18:45:00+05:30,76,Saturday,4360.55,3779.19,4941.9,YELLOW,2026-06-13
2026-06-13T19:00:00+05:30,77,Saturday,4269.6,3694.71,4844.48,YELLOW,2026-06-13
2026-06-13T19:15:00+05:30,78,Saturday,4975.69,4166.76,5784.61,YELLOW,2026-06-13
2026-06-13T19:30:00+05:30,79,Saturday,5418.9,4368.85,6468.95,YELLOW,2026-06-13
2026-06-13T19:45:00+05:30,80,Saturday,5433.07,4269.07,6597.08,YELLOW,2026-06-13
2026-06-13T20:00:00+05:30,81,Saturday,5255.64,4108.2,6403.08,YELLOW,2026-06-13
2026-06-13T20:15:00+05:30,82,Saturday,5518.44,4360.19,6676.69,YELLOW,2026-06-13
2026-06-13T20:30:00+05:30,83,Saturday,5964.07,4555.54,7372.59,YELLOW,2026-06-13
2026-06-13T20:45:00+05:30,84,Saturday,6145.36,4788.24,7502.47,YELLOW,2026-06-13
2026-06-13T21:00:00+05:30,85,Saturday,6500.95,5178.3,7823.61,YELLOW,2026-06-13
2026-06-13T21:15:00+05:30,86,Saturday,6762.33,5405.29,8119.38,YELLOW,2026-06-13
2026-06-13T21:30:00+05:30,87,Saturday,6514.6,5187.19,7842.01,YELLOW,2026-06-13
2026-06-13T21:45:00+05:30,88,Saturday,6444.79,5118.01,7771.58,YELLOW,2026-06-13
2026-06-13T22:00:00+05:30,89,Saturday,6710.68,5331.55,8089.82,YELLOW,2026-06-13
2026-06-13T22:15:00+05:30,90,Saturday,7118.09,5717.71,8518.47,RED,2026-06-13
2026-06-13T22:30:00+05:30,91,Saturday,7231.69,5742.49,8720.89,RED,2026-06-13
2026-06-13T22:45:00+05:30,92,Saturday,7404.61,5937.75,8871.47,RED,2026-06-13
2026-06-13T23:00:00+05:30,93,Saturday,7110.63,5489.27,8731.99,RED,2026-06-13
2026-06-13T23:15:00+05:30,94,Saturday,7337.89,5673.84,9001.95,RED,2026-06-13
2026-06-13T23:30:00+05:30,95,Saturday,7322.96,5714.45,8931.48,RED,2026-06-13
2026-06-13T23:45:00+05:30,96,Saturday,7130.09,5501.44,8758.74,RED,2026-06-13
2026-06-14T00:00:00+05:30,1,Sunday,6858.85,5380.66,8337.03,YELLOW,2026-06-14
2026-06-14T00:15:00+05:30,2,Sunday,6688.67,5159.8,8217.55,YELLOW,2026-06-14
2026-06-14T00:30:00+05:30,3,Sunday,6505.45,4917.81,8093.09,YELLOW,2026-06-14
2026-06-14T00:45:00+05:30,4,Sunday,6399.44,4742.99,8055.88,YELLOW,2026-06-14
2026-06-14T01:00:00+05:30,5,Sunday,6068.46,4568.87,7568.05,YELLOW,2026-06-14
2026-06-14T01:15:00+05:30,6,Sunday,5936.45,4446.62,7426.28,YELLOW,2026-06-14
2026-06-14T01:30:00+05:30,7,Sunday,5870.89,4515.26,7226.51,YELLOW,2026-06-14
2026-06-14T01:45:00+05:30,8,Sunday,5790.85,4425.86,7155.85,YELLOW,2026-06-14
2026-06-14T02:00:00+05:30,9,Sunday,5330.6,4155.79,6505.41,YELLOW,2026-06-14
2026-06-14T02:15:00+05:30,10,Sunday,5304.25,4139.47,6469.02,YELLOW,2026-06-14
2026-06-14T02:30:00+05:30,11,Sunday,5161.4,4119.96,6202.84,YELLOW,2026-06-14
2026-06-14T02:45:00+05:30,12,Sunday,5066.07,4051.02,6081.13,YELLOW,2026-06-14
2026-06-14T03:00:00+05:30,13,Sunday,5103.66,4050.17,6157.15,YELLOW,2026-06-14
2026-06-14T03:15:00+05:30,14,Sunday,4951.94,4095.99,5807.88,YELLOW,2026-06-14
2026-06-14T03:30:00+05:30,15,Sunday,4682.16,3880.59,5483.73,YELLOW,2026-06-14
2026-06-14T03:45:00+05:30,16,Sunday,4608.91,3820.87,5396.96,YELLOW,2026-06-14
2026-06-14T04:00:00+05:30,17,Sunday,4738.46,3793.76,5683.16,YELLOW,2026-06-14
2026-06-14T04:15:00+05:30,18,Sunday,4726.96,3916.88,5537.03,YELLOW,2026-06-14
2026-06-14T04:30:00+05:30,19,Sunday,4699.15,3901.61,5496.68,YELLOW,2026-06-14
2026-06-14T04:45:00+05:30,20,Sunday,4477.87,3672.79,5282.94,YELLOW,2026-06-14
2026-06-14T05:00:00+05:30,21,Sunday,4074.1,3185.26,4962.95,YELLOW,2026-06-14
2026-06-14T05:15:00+05:30,22,Sunday,4164.5,3305.91,5023.08,YELLOW,2026-06-14
2026-06-14T05:30:00+05:30,23,Sunday,4155.46,3326.87,4984.06,YELLOW,2026-06-14
2026-06-14T05:45:00+05:30,24,Sunday,4108.2,3269.17,4947.24,YELLOW,2026-06-14
2026-06-14T06:00:00+05:30,25,Sunday,4070.72,3289.04,4852.4,YELLOW,2026-06-14
2026-06-14T06:15:00+05:30,26,Sunday,4140.07,3132.13,5148.02,YELLOW,2026-06-14
2026-06-14T06:30:00+05:30,27,Sunday,3728.38,3032.9,4423.86,GREEN,2026-06-14
2026-06-14T06:45:00+05:30,28,Sunday,3473.43,2853.88,4092.99,GREEN,2026-06-14
2026-06-14T07:00:00+05:30,29,Sunday,2855.53,2336.69,3374.37,GREEN,2026-06-14
2026-06-14T07:15:00+05:30,30,Sunday,2330.05,1911.8,2748.31,GREEN,2026-06-14
2026-06-14T07:30:00+05:30,31,Sunday,2253.54,1889.54,2617.54,GREEN,2026-06-14
2026-06-14T07:45:00+05:30,32,Sunday,1750.86,1407.93,2093.8,GREEN,2026-06-14
2026-06-14T08:00:00+05:30,33,Sunday,1209.32,779.25,1639.38,GREEN,2026-06-14
2026-06-14T08:15:00+05:30,34,Sunday,1253.75,844.69,1662.82,GREEN,2026-06-14
2026-06-14T08:30:00+05:30,35,Sunday,1221.8,806.33,1637.26,GREEN,2026-06-14
2026-06-14T08:45:00+05:30,36,Sunday,1146.54,690.78,1602.3,GREEN,2026-06-14
2026-06-14T09:00:00+05:30,37,Sunday,1037.67,609.44,1465.9,GREEN,2026-06-14
2026-06-14T09:15:00+05:30,38,Sunday,1083.13,644.93,1521.33,GREEN,2026-06-14
2026-06-14T09:30:00+05:30,39,Sunday,1123.02,722.39,1523.65,GREEN,2026-06-14
2026-06-14T09:45:00+05:30,40,Sunday,1080.63,657.91,1503.35,GREEN,2026-06-14
2026-06-14T10:00:00+05:30,41,Sunday,955.94,518.89,1392.98,GREEN,2026-06-14
2026-06-14T10:15:00+05:30,42,Sunday,981.52,515.36,1447.68,GREEN,2026-06-14
2026-06-14T10:30:00+05:30,43,Sunday,994.34,553.2,1435.47,GREEN,2026-06-14
2026-06-14T10:45:00+05:30,44,Sunday,968.34,550.93,1385.74,GREEN,2026-06-14
2026-06-14T11:00:00+05:30,45,Sunday,956.49,533.21,1379.77,GREEN,2026-06-14
2026-06-14T11:15:00+05:30,46,Sunday,1016.14,556.48,1475.8,GREEN,2026-06-14
2026-06-14T11:30:00+05:30,47,Sunday,1018.59,516.71,1520.47,GREEN,2026-06-14
2026-06-14T11:45:00+05:30,48,Sunday,1015.63,517.83,1513.43,GREEN,2026-06-14
2026-06-14T12:00:00+05:30,49,Sunday,1019.93,550.68,1489.18,GREEN,2026-06-14
2026-06-14T12:15:00+05:30,50,Sunday,1072.49,613.42,1531.56,GREEN,2026-06-14
2026-06-14T12:30:00+05:30,51,Sunday,1098.34,575.45,1621.23,GREEN,2026-06-14
2026-06-14T12:45:00+05:30,52,Sunday,1107.41,582.08,1632.74,GREEN,2026-06-14
2026-06-14T13:00:00+05:30,53,Sunday,997.43,531.93,1462.92,GREEN,2026-06-14
2026-06-14T13:15:00+05:30,54,Sunday,1042.29,562.78,1521.8,GREEN,2026-06-14
2026-06-14T13:30:00+05:30,55,Sunday,1165.89,599.88,1731.9,GREEN,2026-06-14
2026-06-14T13:45:00+05:30,56,Sunday,1276.04,680.93,1871.14,GREEN,2026-06-14
2026-06-14T14:00:00+05:30,57,Sunday,1365.06,731.06,1999.06,GREEN,2026-06-14
2026-06-14T14:15:00+05:30,58,Sunday,1513.82,848.55,2179.1,GREEN,2026-06-14
2026-06-14T14:30:00+05:30,59,Sunday,1646.71,920.59,2372.83,GREEN,2026-06-14
2026-06-14T14:45:00+05:30,60,Sunday,1769.19,975.5,2562.88,GREEN,2026-06-14
2026-06-14T15:00:00+05:30,61,Sunday,2828.08,2059.51,3596.64,GREEN,2026-06-14
2026-06-14T15:15:00+05:30,62,Sunday,2982.24,2161.78,3802.7,GREEN,2026-06-14
2026-06-14T15:30:00+05:30,63,Sunday,3092.89,2319.46,3866.31,GREEN,2026-06-14
2026-06-14T15:45:00+05:30,64,Sunday,3246.71,2515.52,3977.89,GREEN,2026-06-14
2026-06-14T16:00:00+05:30,65,Sunday,3115.76,2145.0,4086.52,GREEN,2026-06-14
2026-06-14T16:15:00+05:30,66,Sunday,3186.71,2243.99,4129.43,GREEN,2026-06-14
2026-06-14T16:30:00+05:30,67,Sunday,3055.12,2509.04,3601.2,GREEN,2026-06-14
2026-06-14T16:45:00+05:30,68,Sunday,3152.52,2632.14,3672.9,GREEN,2026-06-14
2026-06-14T17:00:00+05:30,69,Sunday,2632.56,2078.52,3186.6,GREEN,2026-06-14
2026-06-14T17:15:00+05:30,70,Sunday,2888.1,2381.58,3394.62,GREEN,2026-06-14
2026-06-14T17:30:00+05:30,71,Sunday,2925.89,2402.3,3449.48,GREEN,2026-06-14
2026-06-14T17:45:00+05:30,72,Sunday,3206.58,2744.93,3668.22,GREEN,2026-06-14
2026-06-14T18:00:00+05:30,73,Sunday,2094.72,1609.33,2580.12,GREEN,2026-06-14
2026-06-14T18:15:00+05:30,74,Sunday,2845.08,2354.33,3335.84,GREEN,2026-06-14
2026-06-14T18:30:00+05:30,75,Sunday,3393.75,2823.99,3963.52,GREEN,2026-06-14
2026-06-14T18:45:00+05:30,76,Sunday,3821.7,3240.35,4403.06,GREEN,2026-06-14
2026-06-14T19:00:00+05:30,77,Sunday,3682.52,3107.64,4257.41,GREEN,2026-06-14
2026-06-14T19:15:00+05:30,78,Sunday,4390.87,3581.94,5199.79,YELLOW,2026-06-14
2026-06-14T19:30:00+05:30,79,Sunday,4830.33,3780.28,5880.38,YELLOW,2026-06-14
2026-06-14T19:45:00+05:30,80,Sunday,4910.55,3746.54,6074.55,YELLOW,2026-06-14
2026-06-14T20:00:00+05:30,81,Sunday,4850.83,3703.39,5998.27,YELLOW,2026-06-14
2026-06-14T20:15:00+05:30,82,Sunday,5144.43,3986.18,6302.68,YELLOW,2026-06-14
2026-06-14T20:30:00+05:30,83,Sunday,5634.7,4226.17,7043.22,YELLOW,2026-06-14
2026-06-14T20:45:00+05:30,84,Sunday,5839.74,4482.62,7196.85,YELLOW,2026-06-14
2026-06-14T21:00:00+05:30,85,Sunday,6252.28,4929.62,7574.93,YELLOW,2026-06-14
2026-06-14T21:15:00+05:30,86,Sunday,6545.14,5188.09,7902.19,YELLOW,2026-06-14
2026-06-14T21:30:00+05:30,87,Sunday,6327.27,4999.86,7654.68,YELLOW,2026-06-14
2026-06-14T21:45:00+05:30,88,Sunday,6266.18,4939.39,7592.96,YELLOW,2026-06-14
2026-06-14T22:00:00+05:30,89,Sunday,6555.39,5176.25,7934.53,YELLOW,2026-06-14
2026-06-14T22:15:00+05:30,90,Sunday,6965.22,5564.84,8365.6,YELLOW,2026-06-14
2026-06-14T22:30:00+05:30,91,Sunday,7090.89,5601.69,8580.09,RED,2026-06-14
2026-06-14T22:45:00+05:30,92,Sunday,7272.75,5805.89,8739.61,RED,2026-06-14
2026-06-14T23:00:00+05:30,93,Sunday,7001.07,5379.7,8622.43,RED,2026-06-14
2026-06-14T23:15:00+05:30,94,Sunday,7242.61,5578.55,8906.67,RED,2026-06-14
2026-06-14T23:30:00+05:30,95,Sunday,7231.41,5622.89,8839.92,RED,2026-06-14
2026-06-14T23:45:00+05:30,96,Sunday,7037.09,5408.43,8665.74,RED,2026-06-14
